Campaign Name,Ad Group Name,Targeting,Match Type,impressions,clicks,orders,spend,sales,ACoS(%),CVR(%),CPC($),销售占比(%),花费占比(%),label,action,adj_pct,adj_dollar,reason
SL_1_slip leads for dogs_强相关,精准,slip lead for dogs,EXACT,20021,299,46,328.46,1032.49,31.8,15.38,1.1,8.87,7.18,✅ 低ACoS出单,🔒 保护,0%,$0.00,核心流量，维持出价
SL_howgo_合集4_40词,40词,howgo dog slip lead dog leash,EXACT,20049,161,42,183.91,941.98,19.5,26.09,1.14,8.09,4.02,✅ 低ACoS出单,🔒 保护,0%,$0.00,核心流量，维持出价
SL_B0FDBM5VW1_9V_精准_L_重点FURSDOLY_0316(TOS10->15),B0FDBM5VW1_9V,"asin=""B0FDBM5VW1""",-,7578,211,31,259.9,676.11,38.4,14.69,1.23,5.81,5.68,⚠️ 高ACoS出单,🔒 保护,0%,$0.00,核心流量，谨慎调整
SL_1_slip leads for dogs_强相关,精准,slip leads for dogs,EXACT,9556,195,31,221.59,695.94,31.8,15.9,1.14,5.98,4.85,✅ 低ACoS出单,🔒 保护,0%,$0.00,核心流量，维持出价
SL_B09T3KS313_8V_精准M_重点BOOEUDI_UD_0317提杠杆,B09T3KS313_1V,"asin=""B09T3KS313""",-,14229,269,28,301.33,626.63,48.1,10.41,1.12,5.38,6.59,⚠️ 高ACoS出单,🔒 保护,0%,$0.00,核心流量，谨慎调整
SL_B095775SWX_25V_精准_M_重点TagME,B095775SWX_1V,"asin=""B095775SWX""",-,3591,100,17,107.75,360.45,29.9,17.0,1.08,3.1,2.36,✅ 低ACoS出单,🔒 保护,0%,$0.00,核心流量，维持出价
SL_0_合集_slip leash *_3,精准_24,slip leash for dog,EXACT,16651,139,14,153.57999999999998,358.17,42.9,10.07,1.1,3.08,3.36,⚠️ 高ACoS出单,🔒 保护,0%,$0.00,核心流量，谨慎调整
SL_B07VLGKXFV_3V_精准VL_重点MoSANY_DW_0316,B07VLGKXFV_3V,"asin=""B07VLGKXFV""",-,2374,58,12,53.81,258.18,20.8,20.69,0.93,2.22,1.18,✅ 低ACoS出单,🔒 保护,0%,$0.00,核心流量，维持出价
SL_0_合集_slip leash *_3,精准_24,slip leash dog,EXACT,17393,97,11,105.26,271.12,38.8,11.34,1.09,2.33,2.3,⚠️ 高ACoS出单,🔒 保护,0%,$0.00,核心流量，谨慎调整
SL_1_slip leash for dogs_强相关,精准,slip leashes for dog,EXACT,2491,51,10,68.72999999999999,200.17000000000002,34.3,19.61,1.35,1.72,1.5,✅ 低ACoS出单,🔒 保护,0%,$0.00,核心流量，维持出价
SL_2_dog slip lead_强相关_0925-1209,精准,dog slip lead,EXACT,10115,90,9,88.44,223.1,39.6,10.0,0.98,1.92,1.93,⚠️ 高ACoS出单,↘ 降价,-5%,$0.05,ACoS超出目标13%，小幅降价
SL_1_slip leash_强相关,精准,slip leash,EXACT,8707,111,8,121.47,181.32999999999998,67.0,7.21,1.09,1.56,2.66,⚠️ 高ACoS出单,↘ 降价,-15%,$0.16,ACoS严重偏高（91%），大幅降价
SL_B091TMYKHF_13V_精准H_重点MayPaw_DW,B091TMYKHF_5V,"asin=""B091TMYKHF""",-,4581,76,8,53.76,179.22,30.0,10.53,0.71,1.54,1.18,✅ 低ACoS出单,↗ 维持/提价,+0~5%,$0.00,表现良好，可小幅提价测试
SL_howgo_词组,词组,howgo,PHRASE,668,20,7,13.58,158.07999999999998,8.6,35.0,0.68,1.36,0.3,✅ 低ACoS出单,↗ 维持/提价,+0~5%,$0.00,表现良好，可小幅提价测试
SL_5_slip leads for small dogs,精准,slip leads for small dogs,EXACT,837,57,7,73.21,156.51,46.8,12.28,1.28,1.34,1.6,⚠️ 高ACoS出单,↘ 降价,-10%,$0.13,ACoS超出目标34%，中幅降价
SL_4_slip leads_FX,精准,slip leads,EXACT,6074,72,7,74.17,155.72,47.6,9.72,1.03,1.34,1.62,⚠️ 高ACoS出单,↘ 降价,-10%,$0.10,ACoS超出目标36%，中幅降价
SL_1_slip leash for dogs_强相关,精准,slip leashes for dogs,EXACT,2289,40,7,53.16,146.55,36.3,17.5,1.33,1.26,1.16,⚠️ 高ACoS出单,↘ 降价,-5%,$0.07,ACoS超出目标4%，小幅降价
SL_B0F5GP96F7_8V_精准_VL_重点FURSDOLY_0316,B0F5GP96F7_8V,"asin=""B0F5GT84DG""",-,3362,60,6,65.53,129.95,50.4,10.0,1.09,1.12,1.43,⚠️ 高ACoS出单,↘ 降价,-10%,$0.11,ACoS超出目标44%，中幅降价
SL_B08Y1SDD54_25V_精准VH_重点Fida_DW,B08Y1SDD54_8V,"asin=""B08Y5RYPTS""",-,5090,57,6,34.73,125.03999999999999,27.8,10.53,0.61,1.07,0.76,✅ 低ACoS出单,↗ 维持/提价,+0~5%,$0.00,表现良好，可小幅提价测试
SL_B0C3VD72XK_11V_精准_VH,B0C3VD72XK_1V,"asin=""B0C3VD72XK""",-,5243,97,5,79.45,112.05,70.9,5.15,0.82,0.96,1.74,⚠️ 高ACoS出单,↘ 降价,-15%,$0.12,ACoS严重偏高（103%），大幅降价
SL_training leash_词组_递增预算,词组,training leash,PHRASE,2142,29,5,22.14,105.99,20.9,17.24,0.76,0.91,0.48,✅ 低ACoS出单,↗ 维持/提价,+0~5%,$0.00,表现良好，可小幅提价测试
SL_B0D5TF3TNZ_16V_精准VL_重点FURSDOLY,B0D5TF3TNZ_3V,"asin=""B0D5TZ2ZYD""",-,3415,43,5,44.79,109.89,40.8,11.63,1.04,0.94,0.98,⚠️ 高ACoS出单,↘ 降价,-5%,$0.05,ACoS超出目标16%，小幅降价
SL_2_slip lead dog leash_强相关_1209,精准,slip lead dog leash,EXACT,15759,94,5,95.2,98.63,96.5,5.32,1.01,0.85,2.08,⚠️ 高ACoS出单,↘ 降价,-15%,$0.15,ACoS严重偏高（176%），大幅降价
SL_B0D6G27DNH_20V_精准_H,B0D6G27DNH_5V,"asin=""B0D6G27DNH""",-,1036,23,5,21.59,106.36999999999999,20.3,21.74,0.94,0.91,0.47,✅ 低ACoS出单,↗ 维持/提价,+0~5%,$0.00,表现良好，可小幅提价测试
SL_B0F5GP96F7_8V_精准_VL_重点FURSDOLY_0316,B0F5GP96F7_8V,"asin=""B0F5GP96F7""",-,935,41,4,46.24,93.16,49.6,9.76,1.13,0.8,1.01,⚠️ 高ACoS出单,↘ 降价,-10%,$0.11,ACoS超出目标42%，中幅降价
SL_howgo_合集4_40词,40词,howgo dog slip leads,EXACT,286,8,4,3.3200000000000003,88.21000000000001,3.8,50.0,0.42,0.76,0.07,✅ 低ACoS出单,↗ 维持/提价,+0~5%,$0.00,表现良好，可小幅提价测试
SL_slip lead_词组_递增预算,词组,slip lead,PHRASE,2816,71,4,44.28,88.49,50.0,5.63,0.62,0.76,0.97,⚠️ 高ACoS出单,↘ 降价,-10%,$0.06,ACoS超出目标43%，中幅降价
SL_B08Y1SDD54_25V_精准VH_重点Fida_DW,B08Y57ZMC2_17V,"asin=""B0FCXXHQPC""",-,1119,32,4,41.39,92.25999999999999,44.9,12.5,1.29,0.79,0.91,⚠️ 高ACoS出单,↘ 降价,-10%,$0.13,ACoS超出目标28%，中幅降价
SL_Auto_旧_递增预算_0316,P绳自动2,loose-match,-,1850,26,4,10.32,76.38,13.5,15.38,0.4,0.66,0.23,✅ 低ACoS出单,↗ 维持/提价,+0~5%,$0.00,表现良好，可小幅提价测试
SL_B08Y1SDD54_25V_精准VH_重点Fida_DW,B08Y57ZMC2_17V,"asin=""B09S5W6V9C""",-,668,20,4,18.57,87.64,21.2,20.0,0.93,0.75,0.41,✅ 低ACoS出单,↗ 维持/提价,+0~5%,$0.00,表现良好，可小幅提价测试
SL_0_合集_slip lead *_4,精准_32,slip lead for large dogs,EXACT,221,2,3,1.15,66.05,1.7,150.0,0.57,0.57,0.03,✅ 低ACoS出单,↗ 维持/提价,+0~5%,$0.00,表现良好，可小幅提价测试
SL_0_合集_other_3,精准_19_0316,dog slip on leash,EXACT,9875,48,3,47.95,58.47,82.0,6.25,1.0,0.5,1.05,⚠️ 高ACoS出单,↘ 降价,-15%,$0.15,ACoS严重偏高（134%），大幅降价
SL_0_合集_training_1,精准_30,loose leash for dog training,EXACT,1099,15,3,20.69,93.16,22.2,20.0,1.38,0.8,0.45,✅ 低ACoS出单,↗ 维持/提价,+0~5%,$0.00,表现良好，可小幅提价测试
SL_1_choke collar for dogs,Exact,choke collar for dogs,EXACT,3643,25,3,23.72,62.87,37.7,12.0,0.95,0.54,0.52,⚠️ 高ACoS出单,↘ 降价,-5%,$0.05,ACoS超出目标8%，小幅降价
SL_0_合集_training_3,精准_30,dog train leash,EXACT,2937,40,3,41.209999999999994,63.31,65.1,7.5,1.03,0.54,0.9,⚠️ 高ACoS出单,↘ 降价,-15%,$0.15,ACoS严重偏高（86%），大幅降价
SL_B08Y1SDD54_25V_精准VH_重点Fida_DW,B08Y57ZMC2_17V,"asin=""B0DDPNCHN1""",-,75,5,3,5.4,62.87,8.6,60.0,1.08,0.54,0.12,✅ 低ACoS出单,↗ 维持/提价,+0~5%,$0.00,表现良好，可小幅提价测试
SL_B099WM7ZT7_24V_精准VH_重点Taglory_0316,B099WM7ZT7_7V,"asin=""B099WM7ZT7""",-,6836,43,3,35.82,85.06,42.1,6.98,0.83,0.73,0.78,⚠️ 高ACoS出单,↘ 降价,-10%,$0.08,ACoS超出目标20%，中幅降价
SL_B0FDBM5VW1_9V_精准_L_重点FURSDOLY_0316(TOS10->15),B0FDBM5VW1_9V,"asin=""B0FDBLDJ1Z""",-,63,5,3,5.25,63.07,8.3,60.0,1.05,0.54,0.11,✅ 低ACoS出单,↗ 维持/提价,+0~5%,$0.00,表现良好，可小幅提价测试
SL_1_slip lead_FX_0925_强相关,精准,slip lead,EXACT,3892,50,3,58.269999999999996,64.31,90.6,6.0,1.17,0.55,1.27,⚠️ 高ACoS出单,↘ 降价,-15%,$0.17,ACoS严重偏高（159%），大幅降价
SL_0_合集_training_3,精准_30,dog training leads,EXACT,1705,9,3,8.5,62.980000000000004,13.5,33.33,0.94,0.54,0.19,✅ 低ACoS出单,↗ 维持/提价,+0~5%,$0.00,表现良好，可小幅提价测试
SL_B094VCWM3Q_4V_精准_VL_重点SEPXUFORE,B094VCWM3Q_4V,"asin=""B094VCWM3Q""",-,185,19,3,20.57,63.769999999999996,32.3,15.79,1.08,0.55,0.45,✅ 低ACoS出单,↗ 维持/提价,+0~5%,$0.00,表现良好，可小幅提价测试
SL_B08Y1SDD54_25V_精准VH_重点Fida_DW,B08Y1SDD54_8V,"asin=""B08Y1SDD54""",-,3398,51,2,36.21,43.08,84.1,3.92,0.71,0.37,0.79,⚠️ 高ACoS出单,↘ 降价,-15%,$0.11,ACoS严重偏高（140%），大幅降价
SL_B0FF4GDWNN_7V_精准_VL_重点FURSDOLY_FX_Tos130_0316,B0FF4GDWNN_7V,"asin=""B0FF4HD9KY""",-,129,6,2,5.6,45.28,12.4,33.33,0.93,0.39,0.12,✅ 低ACoS出单,↗ 维持/提价,+0~5%,$0.00,表现良好，可小幅提价测试
SL_howgo slip lead,精准,howgo slip lead,EXACT,196,5,2,3.49,46.03,7.6,40.0,0.7,0.4,0.08,✅ 低ACoS出单,↗ 维持/提价,+0~5%,$0.00,表现良好，可小幅提价测试
SL_slip leash_词组_递增预算,词组,slip leash,PHRASE,558,4,2,1.84,39.58,4.6,50.0,0.46,0.34,0.04,✅ 低ACoS出单,↗ 维持/提价,+0~5%,$0.00,表现良好，可小幅提价测试
SL_B0FDBM5VW1_9V_精准_L_重点FURSDOLY_0316(TOS10->15),B0FDBM5VW1_9V,"asin=""B0FDBLNLPN""",-,156,6,2,7.36,47.28,15.6,33.33,1.23,0.41,0.16,✅ 低ACoS出单,↗ 维持/提价,+0~5%,$0.00,表现良好，可小幅提价测试
SL_B08PBG341W_11V_精准M_重点BTINESFUL_DW,B08PBG341W_2V,"asin=""B08PBG341W""",-,1516,39,2,38.0,43.08,88.2,5.13,0.97,0.37,0.83,⚠️ 高ACoS出单,↘ 降价,-15%,$0.15,ACoS严重偏高（152%），大幅降价
SL_B0BXS3VZVJ_25V_精准_VH,B0BXS3VZVJ_10V,"asin=""B0BXS3VZVJ""",-,4372,35,2,25.84,43.66,59.2,5.71,0.74,0.37,0.57,⚠️ 高ACoS出单,↘ 降价,-15%,$0.11,ACoS严重偏高（69%），大幅降价
SL_B095775SWX_25V_精准_M_重点TagME,B0894S61T9_24V,"asin=""B09575782X""",-,6,2,2,2.29,46.58,4.9,100.0,1.14,0.4,0.05,✅ 低ACoS出单,↗ 维持/提价,+0~5%,$0.00,表现良好，可小幅提价测试
SL_B07VLGKXFV_3V_精准VL_重点MoSANY_DW_0316,B07VLGKXFV_3V,"asin=""B0BC6DS6QV""",-,336,10,2,13.21,22.39,59.0,20.0,1.32,0.19,0.29,⚠️ 高ACoS出单,↘ 降价,-15%,$0.20,ACoS严重偏高（69%），大幅降价
SL_0_合集_other_3,精准_19_0316,slip dog leashes,EXACT,899,8,2,9.13,44.24,20.6,25.0,1.14,0.38,0.2,✅ 低ACoS出单,↗ 维持/提价,+0~5%,$0.00,表现良好，可小幅提价测试
SL_0_合集_puppy,精准_12,loop leash for small dogs,EXACT,96,3,2,3.57,44.379999999999995,8.0,66.67,1.19,0.38,0.08,✅ 低ACoS出单,↗ 维持/提价,+0~5%,$0.00,表现良好，可小幅提价测试
SL_B08DCCGNZN_6V_精准VH_重点JEWOSTER_DW-Tos160-Res50_0316,B08DCCGNZN_1V,"asin=""B08DCCGNZN""",-,5842,39,2,23.69,44.24,53.5,5.13,0.61,0.38,0.52,⚠️ 高ACoS出单,↘ 降价,-15%,$0.09,ACoS严重偏高（53%），大幅降价
SL_0_合集_slip leash *_3,精准_24,slip leash large dog,EXACT,1261,13,2,11.850000000000001,68.07,17.4,15.38,0.91,0.58,0.26,✅ 低ACoS出单,↗ 维持/提价,+0~5%,$0.00,表现良好，可小幅提价测试
SL_0_合集_other_2,精准_19,walking leash,EXACT,334,5,2,5.15,70.57,7.3,40.0,1.03,0.61,0.11,✅ 低ACoS出单,↗ 维持/提价,+0~5%,$0.00,表现良好，可小幅提价测试
SL_howgo_合集3_13词,13词,how go slip leash,EXACT,43,5,2,5.38,44.519999999999996,12.1,40.0,1.08,0.38,0.12,✅ 低ACoS出单,↗ 维持/提价,+0~5%,$0.00,表现良好，可小幅提价测试
SL_0_合集_* slip leash_2,精准14,nylon slip leash,EXACT,250,1,2,1.38,39.58,3.5,200.0,1.38,0.34,0.03,✅ 低ACoS出单,↗ 维持/提价,+0~5%,$0.00,表现良好，可小幅提价测试
SL_howgo dog slip lead dog leash_重点,精准,howgo dog slip lead dog leash,EXACT,930,6,2,6.38,86.16,7.4,33.33,1.06,0.74,0.14,✅ 低ACoS出单,↗ 维持/提价,+0~5%,$0.00,表现良好，可小幅提价测试
SL_0_合集_slip lead *_1,精准_14_0316,slip leads for puppy,EXACT,400,15,2,19.81,39.58,50.1,13.33,1.32,0.34,0.43,⚠️ 高ACoS出单,↘ 降价,-10%,$0.13,ACoS超出目标43%，中幅降价
SL_0_合集_slip leash *_1,精准_20,slip leash for puppy training,EXACT,512,7,2,9.620000000000001,39.82,24.2,28.57,1.37,0.34,0.21,✅ 低ACoS出单,↗ 维持/提价,+0~5%,$0.00,表现良好，可小幅提价测试
SL_0_合集_training_2,精准_29,training for dogs,EXACT,218,2,2,1.82,46.58,3.9,100.0,0.91,0.4,0.04,✅ 低ACoS出单,↗ 维持/提价,+0~5%,$0.00,表现良好，可小幅提价测试
SL_0_合集_training_3,精准_30,puppy training leash and collar,EXACT,219,5,2,5.09,42.18,12.1,40.0,1.02,0.36,0.11,✅ 低ACoS出单,↗ 维持/提价,+0~5%,$0.00,表现良好，可小幅提价测试
SL_B0D6G27DNH_20V_精准_H,B0D6G27DNH_5V,"asin=""B0BMQLMKG1""",-,384,9,2,9.02,38.59,23.4,22.22,1.0,0.33,0.2,✅ 低ACoS出单,↗ 维持/提价,+0~5%,$0.00,表现良好，可小幅提价测试
SL_0_合集_* slip lead *_1_观察0217,精准_9,nylon slip lead for dogs,EXACT,975,12,2,15.36,43.28,35.5,16.67,1.28,0.37,0.34,⚠️ 高ACoS出单,↘ 降价,-5%,$0.06,ACoS超出目标1%，小幅降价
SL_B0D6G27DNH_20V_精准_H,B0D8TB18VS_15V,"asin=""B0D6FW6XSN""",-,35,4,2,4.2700000000000005,44.510000000000005,9.6,50.0,1.07,0.38,0.09,✅ 低ACoS出单,↗ 维持/提价,+0~5%,$0.00,表现良好，可小幅提价测试
SL_B0041KRUIK_5V_精准_M,B0041KRUIK_5V,"asin=""B0041KRUIK""",-,1472,28,2,18.06,38.59,46.8,7.14,0.64,0.33,0.39,⚠️ 高ACoS出单,↘ 降价,-10%,$0.06,ACoS超出目标34%，中幅降价
SL_5_training leash for small dogs,Exact,training leash for small dogs,EXACT,585,11,2,12.58,42.18,29.8,18.18,1.14,0.36,0.28,✅ 低ACoS出单,↗ 维持/提价,+0~5%,$0.00,表现良好，可小幅提价测试
SL_5_training slip lead dog leash,Exact,training slip lead dog leash,EXACT,332,6,2,6.790000000000001,69.87,9.7,33.33,1.13,0.6,0.15,✅ 低ACoS出单,↗ 维持/提价,+0~5%,$0.00,表现良好，可小幅提价测试
SL_5_service dog in training leash wrap,Exact,service dog in training leash wrap,EXACT,607,1,2,0.91,84.36,1.1,200.0,0.91,0.72,0.02,✅ 低ACoS出单,↗ 维持/提价,+0~5%,$0.00,表现良好，可小幅提价测试
SL_B078WQDYPS_5V_精准_M,B078WQDYPS_5V,"asin=""B078WRS5MR""",-,409,6,2,6.38,43.08,14.8,33.33,1.06,0.37,0.14,✅ 低ACoS出单,↗ 维持/提价,+0~5%,$0.00,表现良好，可小幅提价测试
SL_B0FCXZBFZF_4V_精准_VL_重点Fida,B0FCXZBFZF_4V,"asin=""B0FCXZK4HN""",-,141,10,1,10.06,22.39,44.9,10.0,1.01,0.19,0.22,⚠️ 高ACoS出单,↘ 降价,-10%,$0.10,ACoS超出目标28%，中幅降价
SL_B0FF4GDWNN_7V_精准_VL_重点FURSDOLY_FX_Tos130_0316,B0FF4GDWNN_7V,"asin=""B0FF4GDWNN""",-,499,20,1,20.59,18.12,113.6,5.0,1.03,0.16,0.45,⚠️ 高ACoS出单,↘ 降价,-15%,$0.15,ACoS严重偏高（225%），大幅降价
SL_howgo_无曝光,无曝光,dog slip lead howgo,EXACT,5,1,1,0.51,15.39,3.3,100.0,0.51,0.13,0.01,✅ 低ACoS出单,↗ 维持/提价,+0~5%,$0.00,表现良好，可小幅提价测试
SL_B091TMYKHF_13V_精准H_重点MayPaw_DW,B091TMZ61M_8V,"asin=""B091TNP941""",-,31,1,1,1.05,22.12,4.7,100.0,1.05,0.19,0.02,✅ 低ACoS出单,↗ 维持/提价,+0~5%,$0.00,表现良好，可小幅提价测试
SL_B08Y1SDD54_25V_精准VH_重点Fida_DW,B08Y57ZMC2_17V,"asin=""B0DDPRG84Z""",-,105,5,1,5.73,23.29,24.6,20.0,1.15,0.2,0.13,✅ 低ACoS出单,↗ 维持/提价,+0~5%,$0.00,表现良好，可小幅提价测试
SL_B08Y5JN4X2_8V_精准VL_重点MayPaw_FX,B08Y5JN4X2_8V,"asin=""B08Y5JN4X2""",-,537,9,1,5.37,18.8,28.6,11.11,0.6,0.16,0.12,✅ 低ACoS出单,↗ 维持/提价,+0~5%,$0.00,表现良好，可小幅提价测试
SL_B0D6G27DNH_20V_精准_H,B0D8TB18VS_15V,"asin=""B0BMQLT5LW""",-,67,6,1,5.84,39.58,14.8,16.67,0.97,0.34,0.13,✅ 低ACoS出单,↗ 维持/提价,+0~5%,$0.00,表现良好，可小幅提价测试
SL_B0DSFWJK52_10V_精准_VL,B0DSFWJK52_10V,"asin=""B0FQ5675DW""",-,37,2,1,1.68,23.29,7.2,50.0,0.84,0.2,0.04,✅ 低ACoS出单,↗ 维持/提价,+0~5%,$0.00,表现良好，可小幅提价测试
SL_5_house leash for puppy training,EXACT,house leash for puppy training,EXACT,386,7,1,7.26,22.39,32.4,14.29,1.04,0.19,0.16,✅ 低ACoS出单,↗ 维持/提价,+0~5%,$0.00,表现良好，可小幅提价测试
SL_5_leashes for dogs that pull,Exact,leashes for dogs that pull,EXACT,668,5,1,7.44,23.29,31.9,20.0,1.49,0.2,0.16,✅ 低ACoS出单,↗ 维持/提价,+0~5%,$0.00,表现良好，可小幅提价测试
SL_5_leather slip lead,Exact,leather slip lead,EXACT,1705,11,1,11.17,21.27,52.5,9.09,1.02,0.18,0.24,⚠️ 高ACoS出单,↘ 降价,-15%,$0.15,ACoS严重偏高（50%），大幅降价
SL_5_nylon leash for dogs,Exact,nylon leash for dogs,EXACT,194,2,1,1.56,23.29,6.7,50.0,0.78,0.2,0.03,✅ 低ACoS出单,↗ 维持/提价,+0~5%,$0.00,表现良好，可小幅提价测试
SL_5_slip lead collar,Exact,slip lead collar,EXACT,2518,14,1,12.49,21.27,58.7,7.14,0.89,0.18,0.27,⚠️ 高ACoS出单,↘ 降价,-15%,$0.13,ACoS严重偏高（68%），大幅降价
SL_5_short training leash for dogs,Exact,short training leash for dogs,EXACT,606,6,1,7.040000000000001,18.8,37.4,16.67,1.17,0.16,0.15,⚠️ 高ACoS出单,↘ 降价,-5%,$0.06,ACoS超出目标7%，小幅降价
SL_B07458JBJD_7V_精准_VL,B07458JBJD_7V,"asin=""B07458JBJD""",-,594,8,1,8.37,21.99,38.1,12.5,1.05,0.19,0.18,⚠️ 高ACoS出单,↘ 降价,-5%,$0.05,ACoS超出目标9%，小幅降价
SL_B000OGRDQ4_18V_精准_VH,B000OGRDQ4_5V,"asin=""B000OGLEQ4""",-,745,10,1,8.879999999999999,18.8,47.2,10.0,0.89,0.16,0.19,⚠️ 高ACoS出单,↘ 降价,-10%,$0.09,ACoS超出目标35%，中幅降价
SL_B000OGRDQ4_18V_精准_VH,B000A7NONI_13V,"asin=""B000H594R8""",-,21,1,1,0.87,21.99,4.0,100.0,0.87,0.19,0.02,✅ 低ACoS出单,↗ 维持/提价,+0~5%,$0.00,表现良好，可小幅提价测试
SL_B08R83QWCY_11V_精准L_FX_BeauGo_0316,B08R83HNX2_3V,"asin=""B08R85DR7F""",-,143,2,1,1.98,23.29,8.5,50.0,0.99,0.2,0.04,✅ 低ACoS出单,↗ 维持/提价,+0~5%,$0.00,表现良好，可小幅提价测试
SL_B08MZJC2FH_4V_精准VL_DW,B08MZJC2FH_4V,"asin=""B08MZJC2FH""",-,22,1,1,0.67,22.39,3.0,100.0,0.67,0.19,0.01,✅ 低ACoS出单,↗ 维持/提价,+0~5%,$0.00,表现良好，可小幅提价测试
SL_B07BLRY234_1V_精准_VL,B07BLRY234_1V,"asin=""B07BLRY234""",-,251,3,1,2.8499999999999996,23.29,12.2,33.33,0.95,0.2,0.06,✅ 低ACoS出单,↗ 维持/提价,+0~5%,$0.00,表现良好，可小幅提价测试
SL_B079DLRVBX_10V_精准H_重点Cesar Millan_DW_0316,B07BF25WFJ_3V,"asin=""B07BF25WFJ""",-,912,9,1,8.03,20.89,38.4,11.11,0.89,0.18,0.18,⚠️ 高ACoS出单,↘ 降价,-5%,$0.04,ACoS超出目标10%，小幅降价
SL_B079DLRVBX_10V_精准H_重点Cesar Millan_DW_0316,B07BF25WFJ_3V,"asin=""B071W5LQ9H""",-,398,7,1,6.43,22.39,28.7,14.29,0.92,0.19,0.14,✅ 低ACoS出单,↗ 维持/提价,+0~5%,$0.00,表现良好，可小幅提价测试
SL_B079DLRVBX_10V_精准H_重点Cesar Millan_DW_0316,B079DLRVBX_7V,"asin=""B071PDPZK6""",-,1252,12,1,10.67,17.81,59.9,8.33,0.89,0.15,0.23,⚠️ 高ACoS出单,↘ 降价,-15%,$0.13,ACoS严重偏高（71%），大幅降价
SL_B078WQDYPS_5V_精准_M,B078WQDYPS_5V,"asin=""B078WQDYPS""",-,934,10,1,9.899999999999999,22.13,44.7,10.0,0.99,0.19,0.22,⚠️ 高ACoS出单,↘ 降价,-10%,$0.10,ACoS超出目标28%，中幅降价
SL_B0CQQF67P1_6V_精准_VH,B0CQQF67P1_6V,"asin=""B0CQQF67P1""",-,835,20,1,11.879999999999999,22.39,53.1,5.0,0.59,0.19,0.26,⚠️ 高ACoS出单,↘ 降价,-15%,$0.09,ACoS严重偏高（52%），大幅降价
SL_B0CSTB6GR7_15V_精准VL_FX_观察0520,B0CSTCT1T9_14V,"asin=""B0CSTCT1T9""",-,6,1,1,0.82,22.12,3.7,100.0,0.82,0.19,0.02,✅ 低ACoS出单,↗ 维持/提价,+0~5%,$0.00,表现良好，可小幅提价测试
SL_B0D5H99T3M_12V_精准VL_重点Monstoyo_DW_非常相似,B0D5H99T3M_2V,"asin=""B0D5H99T3M""",-,30,3,1,2.2,25.89,8.5,33.33,0.73,0.22,0.05,✅ 低ACoS出单,↗ 维持/提价,+0~5%,$0.00,表现良好，可小幅提价测试
SL_B0D5H99T3M_12V_精准VL_重点Monstoyo_DW_非常相似,B0D5H99T3M_2V,"asin=""B0D5H9RS3K""",-,90,4,1,3.9499999999999997,23.29,17.0,25.0,0.99,0.2,0.09,✅ 低ACoS出单,↗ 维持/提价,+0~5%,$0.00,表现良好，可小幅提价测试
SL_0_合集_* slip lead *_1_观察0217,精准_14,rope slip leads for dogs,EXACT,64,2,1,0.84,23.29,3.6,50.0,0.42,0.2,0.02,✅ 低ACoS出单,↗ 维持/提价,+0~5%,$0.00,表现良好，可小幅提价测试
SL_B0DSFWJK52_10V_精准_VL,B0DSFWJK52_10V,"asin=""B0DSFWJK52""",-,75,4,1,2.6799999999999997,24.2,11.1,25.0,0.67,0.21,0.06,✅ 低ACoS出单,↗ 维持/提价,+0~5%,$0.00,表现良好，可小幅提价测试
SL_B0D6G27DNH_20V_精准_H,B0D6G27DNH_5V,"asin=""B0BMQQ74H2""",-,342,5,1,3.28,19.79,16.6,20.0,0.66,0.17,0.07,✅ 低ACoS出单,↗ 维持/提价,+0~5%,$0.00,表现良好，可小幅提价测试
SL_0_合集_* slip lead *_1_观察0217,精准_9,nylon slip lead leash for dogs,EXACT,121,4,1,5.35,22.39,23.9,25.0,1.34,0.19,0.12,✅ 低ACoS出单,↗ 维持/提价,+0~5%,$0.00,表现良好，可小幅提价测试
SL_B09B9ZBFBM_6V_精准_L,B09B9ZBFBM_6V,"asin=""B09B9YYCNX""",-,55,3,1,1.9500000000000002,21.27,9.2,33.33,0.65,0.18,0.04,✅ 低ACoS出单,↗ 维持/提价,+0~5%,$0.00,表现良好，可小幅提价测试
SL_B0B12JFZFL_17V_精准L_重点Hiado,B0B12JFZFL_6V,"asin=""B0CHLFC624""",-,79,3,1,3.68,23.29,15.8,33.33,1.23,0.2,0.08,✅ 低ACoS出单,↗ 维持/提价,+0~5%,$0.00,表现良好，可小幅提价测试
SL_B0BVJ68P41_25V_精准M_重点Aiminto,B0BVJ3VHVT_15,"asin=""B0CWDHWJ29""",-,17,2,1,1.53,19.79,7.7,50.0,0.76,0.17,0.03,✅ 低ACoS出单,↗ 维持/提价,+0~5%,$0.00,表现良好，可小幅提价测试
SL_B0BH8XSH1C_12V_精准_VL,B0BH8XSH1C_12V,"asin=""B0BH8XSH1C""",-,216,2,1,1.26,22.39,5.6,50.0,0.63,0.19,0.03,✅ 低ACoS出单,↗ 维持/提价,+0~5%,$0.00,表现良好，可小幅提价测试
SL_B0BXS3VZVJ_25V_精准_VH,B0BXS3VZVJ_10V,"asin=""B0BXS1VDBC""",-,671,14,1,11.67,22.39,52.1,7.14,0.83,0.19,0.26,⚠️ 高ACoS出单,↘ 降价,-10%,$0.08,ACoS超出目标49%，中幅降价
SL_3_dog leads_FX,精准,dog leads,EXACT,5523,11,1,10.030000000000001,18.8,53.4,9.09,0.91,0.16,0.22,⚠️ 高ACoS出单,↘ 降价,-15%,$0.14,ACoS严重偏高（52%），大幅降价
SL_1_dog training leash_DW,精准,dog training leash,EXACT,1402,10,1,10.27,24.89,41.3,10.0,1.03,0.21,0.22,⚠️ 高ACoS出单,↘ 降价,-5%,$0.05,ACoS超出目标18%，小幅降价
SL_0_合集_* slip lead_1,精准_7,puppy training slip lead,EXACT,13,1,1,1.17,21.27,5.5,100.0,1.17,0.18,0.03,✅ 低ACoS出单,↗ 维持/提价,+0~5%,$0.00,表现良好，可小幅提价测试
SL_0_合集_training_1,精准_30,leash for puppy training,EXACT,69,1,1,0.9,19.79,4.5,100.0,0.9,0.17,0.02,✅ 低ACoS出单,↗ 维持/提价,+0~5%,$0.00,表现良好，可小幅提价测试
SL_0_合集_training_1,精准_30,training lead for puppies,EXACT,184,3,1,3.2,19.79,16.2,33.33,1.07,0.17,0.07,✅ 低ACoS出单,↗ 维持/提价,+0~5%,$0.00,表现良好，可小幅提价测试
SL_0_合集_training_2,精准_29,dog training leash and collar,EXACT,30,1,1,0.91,23.29,3.9,100.0,0.91,0.2,0.02,✅ 低ACoS出单,↗ 维持/提价,+0~5%,$0.00,表现良好，可小幅提价测试
SL_0_合集_training_1,精准_30,training leash dogs,EXACT,1172,10,1,9.36,21.27,44.0,10.0,0.94,0.18,0.2,⚠️ 高ACoS出单,↘ 降价,-10%,$0.09,ACoS超出目标26%，中幅降价
SL_0_合集_* slip lead_3,精准_20,dog slip leads,EXACT,1572,6,1,5.4399999999999995,22.39,24.3,16.67,0.91,0.19,0.12,✅ 低ACoS出单,↗ 维持/提价,+0~5%,$0.00,表现良好，可小幅提价测试
SL_0_合集_training_3,精准_30,training lead for dog,EXACT,571,3,1,2.91,23.29,12.5,33.33,0.97,0.2,0.06,✅ 低ACoS出单,↗ 维持/提价,+0~5%,$0.00,表现良好，可小幅提价测试
SL_0_合集_training_3,精准_30,dog training lead leash,EXACT,30,1,1,1.2,24.89,4.8,100.0,1.2,0.21,0.03,✅ 低ACoS出单,↗ 维持/提价,+0~5%,$0.00,表现良好，可小幅提价测试
SL_0_合集_* slip lead_4,精准_30,1 4 slip lead,EXACT,124,3,1,3.79,22.39,16.9,33.33,1.26,0.19,0.08,✅ 低ACoS出单,↗ 维持/提价,+0~5%,$0.00,表现良好，可小幅提价测试
SL_0_合集_training_3,精准_30,training leash puppy,EXACT,1514,14,1,13.97,22.39,62.4,7.14,1.0,0.19,0.31,⚠️ 高ACoS出单,↘ 降价,-15%,$0.15,ACoS严重偏高（78%），大幅降价
SL_0_合集_training_3,精准_30,house training leash for puppies,EXACT,85,2,1,2.19,19.79,11.1,50.0,1.1,0.17,0.05,✅ 低ACoS出单,↗ 维持/提价,+0~5%,$0.00,表现良好，可小幅提价测试
SL_1_small dog leash_0323,EXACT,small dog leash,EXACT,823,16,1,14.31,19.79,72.3,6.25,0.89,0.17,0.31,⚠️ 高ACoS出单,↘ 降价,-15%,$0.13,ACoS严重偏高（107%），大幅降价
SL_2_training leash for dogs,Exact,training leash for dogs,EXACT,1473,11,1,9.0,19.79,45.5,9.09,0.82,0.17,0.2,⚠️ 高ACoS出单,↘ 降价,-10%,$0.08,ACoS超出目标30%，中幅降价
SL_3_gentle lead,EXACT,gentle lead,EXACT,1546,3,1,1.88,23.29,8.1,33.33,0.63,0.2,0.04,✅ 低ACoS出单,↗ 维持/提价,+0~5%,$0.00,表现良好，可小幅提价测试
SL_4_cesar millan slip lead leash,Exact,cesar millan slip lead leash,EXACT,894,3,1,2.4000000000000004,22.39,10.7,33.33,0.8,0.19,0.05,✅ 低ACoS出单,↗ 维持/提价,+0~5%,$0.00,表现良好，可小幅提价测试
SL_0_合集_* slip lead_4,精准_30,leash masters slip lead,EXACT,35,1,1,1.08,19.79,5.5,100.0,1.08,0.17,0.02,✅ 低ACoS出单,↗ 维持/提价,+0~5%,$0.00,表现良好，可小幅提价测试
SL_0_合集_slip leash *_3,精准_24,slip leash for dogs training,EXACT,189,1,1,1.03,23.29,4.4,100.0,1.03,0.2,0.02,✅ 低ACoS出单,↗ 维持/提价,+0~5%,$0.00,表现良好，可小幅提价测试
SL_0_合集_puppy,精准_12,slip collar for small dogs,EXACT,444,8,1,7.62,24.2,31.5,12.5,0.95,0.21,0.17,✅ 低ACoS出单,↗ 维持/提价,+0~5%,$0.00,表现良好，可小幅提价测试
SL_0_合集_slip leash *_1,精准_10_0316,slip leash for training,EXACT,173,2,1,2.71,22.39,12.1,50.0,1.36,0.19,0.06,✅ 低ACoS出单,↗ 维持/提价,+0~5%,$0.00,表现良好，可小幅提价测试
SL_0_合集_slip leash *_1,精准_10_0316,slip leash for puppy,EXACT,450,5,1,5.62,19.79,28.4,20.0,1.12,0.17,0.12,✅ 低ACoS出单,↗ 维持/提价,+0~5%,$0.00,表现良好，可小幅提价测试
SL_0_合集_slip lead *_2,精准_20,slip leads dog,EXACT,3189,25,1,21.72,22.39,97.0,4.0,0.87,0.19,0.48,⚠️ 高ACoS出单,↘ 降价,-15%,$0.13,ACoS严重偏高（177%），大幅降价
SL_0_合集_slip leash *_2,精准_15,slip leash for extra small dogs,EXACT,4,1,1,1.12,19.79,5.7,100.0,1.12,0.17,0.02,✅ 低ACoS出单,↗ 维持/提价,+0~5%,$0.00,表现良好，可小幅提价测试
SL_0_合集_slip leash *_1,精准_20,slip leash collar,EXACT,96,3,1,2.79,19.79,14.1,33.33,0.93,0.17,0.06,✅ 低ACoS出单,↗ 维持/提价,+0~5%,$0.00,表现良好，可小幅提价测试
SL_0_合集_slip leash *_1,精准_10_0316,slip leashes for small dogs,EXACT,95,3,1,2.61,22.39,11.7,33.33,0.87,0.19,0.06,✅ 低ACoS出单,↗ 维持/提价,+0~5%,$0.00,表现良好，可小幅提价测试
SL_0_合集_other_3,精准_19_0316,neck leash for dog,EXACT,208,2,1,2.8,21.99,12.7,50.0,1.4,0.19,0.06,✅ 低ACoS出单,↗ 维持/提价,+0~5%,$0.00,表现良好，可小幅提价测试
SL_0_合集_* slip leash_3,精准_16,dog training slip leash,EXACT,116,1,1,1.48,17.59,8.4,100.0,1.48,0.15,0.03,✅ 低ACoS出单,↗ 维持/提价,+0~5%,$0.00,表现良好，可小幅提价测试
SL_0_合集_* slip leash_3,精准_16,no bad dogs slip leash,EXACT,63,1,1,0.99,22.39,4.4,100.0,0.99,0.19,0.02,✅ 低ACoS出单,↗ 维持/提价,+0~5%,$0.00,表现良好，可小幅提价测试
SL_0_合集_* slip leash *_1,精准_13,thin slip leash for dogs,EXACT,54,1,1,1.22,24.59,5.0,100.0,1.22,0.21,0.03,✅ 低ACoS出单,↗ 维持/提价,+0~5%,$0.00,表现良好，可小幅提价测试
SL_0_合集_other_3,精准_19_0316,all conditions dog gear,EXACT,28,2,1,1.96,22.39,8.8,50.0,0.98,0.19,0.04,✅ 低ACoS出单,↗ 维持/提价,+0~5%,$0.00,表现良好，可小幅提价测试
SL_0_合集_other_3,精准_19_0316,slip dog leads,EXACT,228,1,1,1.37,21.27,6.4,100.0,1.37,0.18,0.03,✅ 低ACoS出单,↗ 维持/提价,+0~5%,$0.00,表现良好，可小幅提价测试
SL_0_合集_* slip leash *_3,精准_22,short training slip leash for dogs,EXACT,3,1,1,1.24,18.8,6.6,100.0,1.24,0.16,0.03,✅ 低ACoS出单,↗ 维持/提价,+0~5%,$0.00,表现良好，可小幅提价测试
SL_0_small dog training leash,精准,small dog training leash,EXACT,129,3,1,3.21,19.79,16.2,33.33,1.07,0.17,0.07,✅ 低ACoS出单,↗ 维持/提价,+0~5%,$0.00,表现良好，可小幅提价测试
SL_howgo_合集4_40词,40词,howgo dog leashes,EXACT,216,4,1,1.79,19.79,9.0,25.0,0.45,0.17,0.04,✅ 低ACoS出单,↗ 维持/提价,+0~5%,$0.00,表现良好，可小幅提价测试
SL_howgo_合集3_13词,13词,how go leash,EXACT,35,0,0,0.0,0.0,,,,0.0,0.0,— 无点击,观察,0%,$0.00,无流量，检查出价是否过低
SL_0_adjustable slip lead,精准,adjustable slip lead,EXACT,45,1,0,0.91,0.0,,0.0,0.91,0.0,0.02,⚪ 低点击不出单,↘ 降价,-10%,$0.09,无出单，降低无效花费
SL_0_booeudi slip leads for dogs,精准,booeudi slip leads for dogs,EXACT,26,0,0,0.0,0.0,,,,0.0,0.0,— 无点击,观察,0%,$0.00,无流量，检查出价是否过低
SL_0_cesar millan slip leash,精准,cesar millan slip leash,EXACT,299,1,0,1.0,0.0,,0.0,1.0,0.0,0.02,⚪ 低点击不出单,↘ 降价,-10%,$0.10,无出单，降低无效花费
SL_0_dog choker leash_观察0217,精准,dog choker leash,EXACT,14,0,0,0.0,0.0,,,,0.0,0.0,— 无点击,观察,0%,$0.00,无流量，检查出价是否过低
SL_0_dog loop leash,精准,dog loop leash,EXACT,69,0,0,0.0,0.0,,,,0.0,0.0,— 无点击,观察,0%,$0.00,无流量，检查出价是否过低
SL_0_dog training slip lead,精准,dog training slip lead,EXACT,127,1,0,1.05,0.0,,0.0,1.05,0.0,0.02,⚪ 低点击不出单,↘ 降价,-10%,$0.11,无出单，降低无效花费
SL_0_fovrlzse slip leads for dogs_New,精准,fovrlzse slip leads for dogs,EXACT,5,0,0,0.0,0.0,,,,0.0,0.0,— 无点击,观察,0%,$0.00,无流量，检查出价是否过低
SL_0_martingale leash,精准,martingale leash,EXACT,605,7,0,7.25,0.0,,0.0,1.04,0.0,0.16,⚪ 低点击不出单,↘ 降价,-10%,$0.10,无出单，降低无效花费
SL_howgo_合集3_13词,13词,how go slip lead,EXACT,5,0,0,0.0,0.0,,,,0.0,0.0,— 无点击,观察,0%,$0.00,无流量，检查出价是否过低
SL_howgo_合集4_40词,40词,how go dog leash,EXACT,4,0,0,0.0,0.0,,,,0.0,0.0,— 无点击,观察,0%,$0.00,无流量，检查出价是否过低
SL_howgo_合集4_40词,40词,how go dog slip lead,EXACT,0,0,0,0.0,0.0,,,,0.0,0.0,— 无点击,观察,0%,$0.00,无流量，检查出价是否过低
SL_B0FH9LYKGD_13V_精准VL,B0FH9LBKG6_10V,"asin=""B0FH9KZXMM""",-,1,0,0,0.0,0.0,,,,0.0,0.0,— 无点击,观察,0%,$0.00,无流量，检查出价是否过低
SL_B0FH9LYKGD_13V_精准VL,B0FH9LBKG6_10V,"asin=""B0FH9JFKTT""",-,2,0,0,0.0,0.0,,,,0.0,0.0,— 无点击,观察,0%,$0.00,无流量，检查出价是否过低
SL_B0FH9LYKGD_13V_精准VL,B0FH9LBKG6_10V,"asin=""B0FH9JCYVQ""",-,0,0,0,0.0,0.0,,,,0.0,0.0,— 无点击,观察,0%,$0.00,无流量，检查出价是否过低
SL_B0FH9LYKGD_13V_精准VL,B0FH9LBKG6_10V,"asin=""B0FH9JB1JX""",-,3,0,0,0.0,0.0,,,,0.0,0.0,— 无点击,观察,0%,$0.00,无流量，检查出价是否过低
SL_B0FH9LYKGD_13V_精准VL,B0FH9LBKG6_10V,"asin=""B0FH9J7YL1""",-,7,0,0,0.0,0.0,,,,0.0,0.0,— 无点击,观察,0%,$0.00,无流量，检查出价是否过低
SL_B0FH9LYKGD_13V_精准VL,B0FH9LBKG6_10V,"asin=""B0FH9J2MFQ""",-,0,0,0,0.0,0.0,,,,0.0,0.0,— 无点击,观察,0%,$0.00,无流量，检查出价是否过低
SL_B0FH9LYKGD_13V_精准VL,B0FH9LBKG6_10V,"asin=""B0FH9HY8N5""",-,1,0,0,0.0,0.0,,,,0.0,0.0,— 无点击,观察,0%,$0.00,无流量，检查出价是否过低
SL_B0FH9LYKGD_13V_精准VL,B0FH9LBKG6_10V,"asin=""B0FH9HR6M9""",-,0,0,0,0.0,0.0,,,,0.0,0.0,— 无点击,观察,0%,$0.00,无流量，检查出价是否过低
SL_0_合集_* slip lead *_1_观察0217,精准_14,long slip leads for dogs,EXACT,332,4,0,4.12,0.0,,0.0,1.03,0.0,0.09,⚪ 低点击不出单,↘ 降价,-10%,$0.10,无出单，降低无效花费
SL_0_合集_* slip lead *_1_观察0217,精准_14,dog training leash slip lead large dogs,EXACT,10,0,0,0.0,0.0,,,,0.0,0.0,— 无点击,观察,0%,$0.00,无流量，检查出价是否过低
SL_0_合集_* slip lead *_1_观察0217,精准_14,6ft slip lead dog leash,EXACT,4,0,0,0.0,0.0,,,,0.0,0.0,— 无点击,观察,0%,$0.00,无流量，检查出价是否过低
SL_0_合集_* slip lead *_1_观察0217,精准_14,1 4 inch slip lead dog leash for small dogs,EXACT,23,0,0,0.0,0.0,,,,0.0,0.0,— 无点击,观察,0%,$0.00,无流量，检查出价是否过低
SL_0_training slip leads,精准,training slip leads,EXACT,10,0,0,0.0,0.0,,,,0.0,0.0,— 无点击,观察,0%,$0.00,无流量，检查出价是否过低
SL_0_training slip lead for dogs,精准,training slip lead for dogs,EXACT,48,0,0,0.0,0.0,,,,0.0,0.0,— 无点击,观察,0%,$0.00,无流量，检查出价是否过低
SL_0_training leash for dogs that pull_FX,精准,training leash for dogs that pull,EXACT,16,0,0,0.0,0.0,,,,0.0,0.0,— 无点击,观察,0%,$0.00,无流量，检查出价是否过低
SL_0_puppy leash training,精准,puppy leash training,EXACT,249,4,0,4.03,0.0,,0.0,1.01,0.0,0.09,⚪ 低点击不出单,↘ 降价,-10%,$0.10,无出单，降低无效花费
SL_0_合集_* slip leash_2,精准14,the perfect slip leash,EXACT,5,0,0,0.0,0.0,,,,0.0,0.0,— 无点击,观察,0%,$0.00,无流量，检查出价是否过低
SL_0_合集_* slip leash_2,精准14,plastic slip leash,EXACT,1,0,0,0.0,0.0,,,,0.0,0.0,— 无点击,观察,0%,$0.00,无流量，检查出价是否过低
SL_0_合集_* slip leash_2,精准14,no slip leash,EXACT,436,1,0,0.87,0.0,,0.0,0.87,0.0,0.02,⚪ 低点击不出单,↘ 降价,-10%,$0.09,无出单，降低无效花费
SL_0_合集_* slip leash_2,精准14,light slip leash,EXACT,7,0,0,0.0,0.0,,,,0.0,0.0,— 无点击,观察,0%,$0.00,无流量，检查出价是否过低
SL_0_合集_* slip leash_2,精准14,double handle slip leash,EXACT,11,0,0,0.0,0.0,,,,0.0,0.0,— 无点击,观察,0%,$0.00,无流量，检查出价是否过低
SL_0_合集_* slip leash_2,精准14,dog walking slip leash,EXACT,36,0,0,0.0,0.0,,,,0.0,0.0,— 无点击,观察,0%,$0.00,无流量，检查出价是否过低
SL_0_合集_* slip leash_2,精准14,black slip leash,EXACT,107,0,0,0.0,0.0,,,,0.0,0.0,— 无点击,观察,0%,$0.00,无流量，检查出价是否过低
SL_0_合集_* slip leash_1_0724,精准_14,spring loaded slip leash,EXACT,10,0,0,0.0,0.0,,,,0.0,0.0,— 无点击,观察,0%,$0.00,无流量，检查出价是否过低
SL_0_合集_* slip leash_1_0724,精准_14,ruffwear slip leash,EXACT,43,0,0,0.0,0.0,,,,0.0,0.0,— 无点击,观察,0%,$0.00,无流量，检查出价是否过低
SL_0_合集_* slip leash_1_0724,精准_14,large dog slip leash,EXACT,26,1,0,0.97,0.0,,0.0,0.97,0.0,0.02,⚪ 低点击不出单,↘ 降价,-10%,$0.10,无出单，降低无效花费
SL_0_合集_* slip leash_1_0724,精准_14,heavy duty slip leash,EXACT,30,0,0,0.0,0.0,,,,0.0,0.0,— 无点击,观察,0%,$0.00,无流量，检查出价是否过低
SL_0_合集_* slip leash_1_0724,精准_14,english slip leash,EXACT,4,0,0,0.0,0.0,,,,0.0,0.0,— 无点击,观察,0%,$0.00,无流量，检查出价是否过低
SL_0_合集_* slip leash_1_0724,精准_14,chain slip leash,EXACT,5,0,0,0.0,0.0,,,,0.0,0.0,— 无点击,观察,0%,$0.00,无流量，检查出价是否过低
SL_0_合集_* slip leash_1_0724,精准_14,carhartt slip leash,EXACT,8,0,0,0.0,0.0,,,,0.0,0.0,— 无点击,观察,0%,$0.00,无流量，检查出价是否过低
SL_0_合集_* slip leash_1_0724,精准_14,3ft slip leash,EXACT,2,0,0,0.0,0.0,,,,0.0,0.0,— 无点击,观察,0%,$0.00,无流量，检查出价是否过低
SL_0_合集_* slip leash *_3,精准_22,training slip leash for dogs,EXACT,3,0,0,0.0,0.0,,,,0.0,0.0,— 无点击,观察,0%,$0.00,无流量，检查出价是否过低
SL_0_合集_other_1,精准_20,choker leash for dog,EXACT,124,1,0,1.3,0.0,,0.0,1.3,0.0,0.03,⚪ 低点击不出单,↘ 降价,-10%,$0.13,无出单，降低无效花费
SL_0_合集_other_1,精准_20,choke leashes for dogs,EXACT,206,2,0,1.92,0.0,,0.0,0.96,0.0,0.04,⚪ 低点击不出单,↘ 降价,-10%,$0.10,无出单，降低无效花费
SL_0_合集_other_1,精准_20,choke leash,EXACT,31,0,0,0.0,0.0,,,,0.0,0.0,— 无点击,观察,0%,$0.00,无流量，检查出价是否过低
SL_0_合集_other_1,精准_20,belt for leash,EXACT,11,0,0,0.0,0.0,,,,0.0,0.0,— 无点击,观察,0%,$0.00,无流量，检查出价是否过低
SL_0_合集_* slip leash_3,精准_16,thin slip leash,EXACT,12,0,0,0.0,0.0,,,,0.0,0.0,— 无点击,观察,0%,$0.00,无流量，检查出价是否过低
SL_0_合集_* slip leash_3,精准_16,small slip leash,EXACT,38,0,0,0.0,0.0,,,,0.0,0.0,— 无点击,观察,0%,$0.00,无流量，检查出价是否过低
SL_0_合集_* slip leash_3,精准_16,rope slip leash,EXACT,19,0,0,0.0,0.0,,,,0.0,0.0,— 无点击,观察,0%,$0.00,无流量，检查出价是否过低
SL_0_合集_* slip leash_3,精准_16,reinforced slip leash,EXACT,7,0,0,0.0,0.0,,,,0.0,0.0,— 无点击,观察,0%,$0.00,无流量，检查出价是否过低
SL_0_合集_* slip leash_3,精准_16,pet slip leash,EXACT,76,0,0,0.0,0.0,,,,0.0,0.0,— 无点击,观察,0%,$0.00,无流量，检查出价是否过低
SL_0_合集_* slip leash_3,精准_16,no bad dog slip leash,EXACT,95,0,0,0.0,0.0,,,,0.0,0.0,— 无点击,观察,0%,$0.00,无流量，检查出价是否过低
SL_0_合集_* slip leash_3,精准_16,leather slip leash,EXACT,379,1,0,1.05,0.0,,0.0,1.05,0.0,0.02,⚪ 低点击不出单,↘ 降价,-10%,$0.11,无出单，降低无效花费
SL_0_合集_* slip leash_3,精准_16,best dog slip leash,EXACT,3,0,0,0.0,0.0,,,,0.0,0.0,— 无点击,观察,0%,$0.00,无流量，检查出价是否过低
SL_0_合集_* slip leash_3,精准_16,3 ft slip leash,EXACT,6,0,0,0.0,0.0,,,,0.0,0.0,— 无点击,观察,0%,$0.00,无流量，检查出价是否过低
SL_0_合集_* slip leash_3,精准_16,3 8 slip leash,EXACT,1,0,0,0.0,0.0,,,,0.0,0.0,— 无点击,观察,0%,$0.00,无流量，检查出价是否过低
SL_0_合集_* slip leash_2,精准14,training slip leash,EXACT,44,0,0,0.0,0.0,,,,0.0,0.0,— 无点击,观察,0%,$0.00,无流量，检查出价是否过低
SL_0_合集_* slip leash_2,精准14,thick slip leash,EXACT,29,0,0,0.0,0.0,,,,0.0,0.0,— 无点击,观察,0%,$0.00,无流量，检查出价是否过低
SL_0_合集_other_2,精准_19,grip dog leash,EXACT,29,0,0,0.0,0.0,,,,0.0,0.0,— 无点击,观察,0%,$0.00,无流量，检查出价是否过低
SL_0_合集_other_2,精准_19,go leash,EXACT,7,0,0,0.0,0.0,,,,0.0,0.0,— 无点击,观察,0%,$0.00,无流量，检查出价是否过低
SL_0_合集_other_2,精准_19,figure 8 leash for dogs,EXACT,374,1,0,1.18,0.0,,0.0,1.18,0.0,0.03,⚪ 低点击不出单,↘ 降价,-10%,$0.12,无出单，降低无效花费
SL_0_合集_other_2,精准_19,fenrir leash,EXACT,26,1,0,0.95,0.0,,0.0,0.95,0.0,0.02,⚪ 低点击不出单,↘ 降价,-10%,$0.10,无出单，降低无效花费
SL_0_合集_other_1,精准_20,slip collars for dogs,EXACT,134,0,0,0.0,0.0,,,,0.0,0.0,— 无点击,观察,0%,$0.00,无流量，检查出价是否过低
SL_0_合集_other_1,精准_20,show leash,EXACT,66,2,0,1.78,0.0,,0.0,0.89,0.0,0.04,⚪ 低点击不出单,↘ 降价,-10%,$0.09,无出单，降低无效花费
SL_0_合集_other_1,精准_20,p leash for dog,EXACT,25,0,0,0.0,0.0,,,,0.0,0.0,— 无点击,观察,0%,$0.00,无流量，检查出价是否过低
SL_0_合集_other_1,精准_20,p leash,EXACT,47,0,0,0.0,0.0,,,,0.0,0.0,— 无点击,观察,0%,$0.00,无流量，检查出价是否过低
SL_0_合集_other_1,精准_20,noose leash,EXACT,42,0,0,0.0,0.0,,,,0.0,0.0,— 无点击,观察,0%,$0.00,无流量，检查出价是否过低
SL_0_合集_other_1,精准_20,dog pull leash,EXACT,25,1,0,0.87,0.0,,0.0,0.87,0.0,0.02,⚪ 低点击不出单,↘ 降价,-10%,$0.09,无出单，降低无效花费
SL_0_合集_other_1,精准_20,dog p leash,EXACT,63,0,0,0.0,0.0,,,,0.0,0.0,— 无点击,观察,0%,$0.00,无流量，检查出价是否过低
SL_0_合集_other_1,精准_20,dog lish,EXACT,16,0,0,0.0,0.0,,,,0.0,0.0,— 无点击,观察,0%,$0.00,无流量，检查出价是否过低
SL_0_合集_other_1,精准_20,dog leash slip,EXACT,131,0,0,0.0,0.0,,,,0.0,0.0,— 无点击,观察,0%,$0.00,无流量，检查出价是否过低
SL_0_合集_other_1,精准_20,dog leash no collar,EXACT,23,1,0,0.85,0.0,,0.0,0.85,0.0,0.02,⚪ 低点击不出单,↘ 降价,-10%,$0.09,无出单，降低无效花费
SL_0_合集_other_1,精准_20,dog leash loop slip,EXACT,83,0,0,0.0,0.0,,,,0.0,0.0,— 无点击,观察,0%,$0.00,无流量，检查出价是否过低
SL_0_合集_other_1,精准_20,dog alip leash,EXACT,12,0,0,0.0,0.0,,,,0.0,0.0,— 无点击,观察,0%,$0.00,无流量，检查出价是否过低
SL_0_合集_* slip leash *_2,SL_0_合集_* slip leash *_2,dog slip leash leather,EXACT,38,0,0,0.0,0.0,,,,0.0,0.0,— 无点击,观察,0%,$0.00,无流量，检查出价是否过低
SL_0_合集_* slip leash *_2,SL_0_合集_* slip leash *_2,3ft slip leash for dogs,EXACT,25,0,0,0.0,0.0,,,,0.0,0.0,— 无点击,观察,0%,$0.00,无流量，检查出价是否过低
SL_0_合集_* slip leash *_2,SL_0_合集_* slip leash *_2,3 foot slip leash for dogs,EXACT,18,0,0,0.0,0.0,,,,0.0,0.0,— 无点击,观察,0%,$0.00,无流量，检查出价是否过低
SL_0_合集_* slip leash *_1,精准_13,short slip leash,EXACT,43,0,0,0.0,0.0,,,,0.0,0.0,— 无点击,观察,0%,$0.00,无流量，检查出价是否过低
SL_0_合集_* slip leash *_1,精准_13,no slip leash for dogs,EXACT,8,0,0,0.0,0.0,,,,0.0,0.0,— 无点击,观察,0%,$0.00,无流量，检查出价是否过低
SL_0_合集_* slip leash *_1,精准_13,dog slip leash for large dogs,EXACT,80,2,0,1.94,0.0,,0.0,0.97,0.0,0.04,⚪ 低点击不出单,↘ 降价,-10%,$0.10,无出单，降低无效花费
SL_0_合集_other_2,精准_19,snout leash for dogs,EXACT,81,0,0,0.0,0.0,,,,0.0,0.0,— 无点击,观察,0%,$0.00,无流量，检查出价是否过低
SL_0_合集_other_2,精准_19,slip rope dog leash,EXACT,208,0,0,0.0,0.0,,,,0.0,0.0,— 无点击,观察,0%,$0.00,无流量，检查出价是否过低
SL_0_合集_other_2,精准_19,slip knot leash,EXACT,83,1,0,0.92,0.0,,0.0,0.92,0.0,0.02,⚪ 低点击不出单,↘ 降价,-10%,$0.09,无出单，降低无效花费
SL_0_合集_other_2,精准_19,slip collar dog,EXACT,13,0,0,0.0,0.0,,,,0.0,0.0,— 无点击,观察,0%,$0.00,无流量，检查出价是否过低
SL_0_合集_other_2,精准_19,sleep lead leash for dog,EXACT,7,0,0,0.0,0.0,,,,0.0,0.0,— 无点击,观察,0%,$0.00,无流量，检查出价是否过低
SL_0_合集_other_2,精准_19,p rope dog,EXACT,3,0,0,0.0,0.0,,,,0.0,0.0,— 无点击,观察,0%,$0.00,无流量，检查出价是否过低
SL_0_合集_other_2,精准_19,non pull leash,EXACT,9,0,0,0.0,0.0,,,,0.0,0.0,— 无点击,观察,0%,$0.00,无流量，检查出价是否过低
SL_0_合集_other_2,精准_19,loop lead for dogs,EXACT,176,0,0,0.0,0.0,,,,0.0,0.0,— 无点击,观察,0%,$0.00,无流量，检查出价是否过低
SL_0_合集_other_2,精准_19,loop it safety leash,EXACT,4,0,0,0.0,0.0,,,,0.0,0.0,— 无点击,观察,0%,$0.00,无流量，检查出价是否过低
SL_0_合集_other_2,精准_19,leash slip,EXACT,48,0,0,0.0,0.0,,,,0.0,0.0,— 无点击,观察,0%,$0.00,无流量，检查出价是否过低
SL_0_合集_other_3,精准_19_0316,no collar dog leash,EXACT,3,0,0,0.0,0.0,,,,0.0,0.0,— 无点击,观察,0%,$0.00,无流量，检查出价是否过低
SL_0_合集_other_3,精准_19_0316,loop leash for dogs,EXACT,1,0,0,0.0,0.0,,,,0.0,0.0,— 无点击,观察,0%,$0.00,无流量，检查出价是否过低
SL_0_合集_other_3,精准_19_0316,leash for show dogs,EXACT,6,1,0,1.54,0.0,,0.0,1.54,0.0,0.03,⚪ 低点击不出单,↘ 降价,-10%,$0.15,无出单，降低无效花费
SL_0_合集_other_3,精准_19_0316,dog leash choker,EXACT,142,0,0,0.0,0.0,,,,0.0,0.0,— 无点击,观察,0%,$0.00,无流量，检查出价是否过低
SL_0_合集_other_3,精准_19_0316,conformation dog show leads,EXACT,156,0,0,0.0,0.0,,,,0.0,0.0,— 无点击,观察,0%,$0.00,无流量，检查出价是否过低
SL_0_合集_other_3,精准_19_0316,anti pulling dog leash,EXACT,58,0,0,0.0,0.0,,,,0.0,0.0,— 无点击,观察,0%,$0.00,无流量，检查出价是否过低
SL_0_合集_other_3,精准_19_0316,adjuster dog lead,EXACT,1,1,0,0.52,0.0,,0.0,0.52,0.0,0.01,⚪ 低点击不出单,↘ 降价,-10%,$0.05,无出单，降低无效花费
SL_0_合集_* slip leash *_3,精准_22,lynxking slip leash for dogs,EXACT,184,2,0,2.1,0.0,,0.0,1.05,0.0,0.05,⚪ 低点击不出单,↘ 降价,-10%,$0.11,无出单，降低无效花费
SL_0_合集_* slip leash *_3,精准_22,fida slip leash for dogs,EXACT,113,0,0,0.0,0.0,,,,0.0,0.0,— 无点击,观察,0%,$0.00,无流量，检查出价是否过低
SL_0_合集_* slip leash *_3,精准_22,dog slip leash with stopper,EXACT,35,0,0,0.0,0.0,,,,0.0,0.0,— 无点击,观察,0%,$0.00,无流量，检查出价是否过低
SL_0_合集_* slip leash *_3,精准_22,dog slip leash for small dogs,EXACT,43,0,0,0.0,0.0,,,,0.0,0.0,— 无点击,观察,0%,$0.00,无流量，检查出价是否过低
SL_0_合集_* slip leash *_3,精准_22,aaufilux slip leash for dogs,EXACT,0,0,0,0.0,0.0,,,,0.0,0.0,— 无点击,观察,0%,$0.00,无流量，检查出价是否过低
SL_0_合集_* slip leash *_3,精准_22,8ft slip leash for dogs,EXACT,18,0,0,0.0,0.0,,,,0.0,0.0,— 无点击,观察,0%,$0.00,无流量，检查出价是否过低
SL_0_合集_* slip leash *_2,SL_0_合集_* slip leash *_2,this slip leash for dogs,EXACT,443,3,0,2.3899999999999997,0.0,,0.0,0.8,0.0,0.05,⚪ 低点击不出单,↘ 降价,-10%,$0.08,无出单，降低无效花费
SL_0_合集_* slip leash *_2,SL_0_合集_* slip leash *_2,thin slip leash for small dogs,EXACT,13,0,0,0.0,0.0,,,,0.0,0.0,— 无点击,观察,0%,$0.00,无流量，检查出价是否过低
SL_0_合集_* slip leash *_2,SL_0_合集_* slip leash *_2,fovrlzse slip leash for dogs,EXACT,29,0,0,0.0,0.0,,,,0.0,0.0,— 无点击,观察,0%,$0.00,无流量，检查出价是否过低
SL_0_合集_slip lead *_1,精准_12,slip lead for puppy training,EXACT,122,2,0,1.56,0.0,,0.0,0.78,0.0,0.03,⚪ 低点击不出单,↘ 降价,-10%,$0.08,无出单，降低无效花费
SL_0_合集_slip lead *_1,精准_12,slip lead dog leash for training,EXACT,48,0,0,0.0,0.0,,,,0.0,0.0,— 无点击,观察,0%,$0.00,无流量，检查出价是否过低
SL_0_合集_slip lead *_1,精准_12,slip lead dog leash 5ft,EXACT,31,0,0,0.0,0.0,,,,0.0,0.0,— 无点击,观察,0%,$0.00,无流量，检查出价是否过低
SL_0_合集_puppy,精准_12,small dog slip collar,EXACT,2,0,0,0.0,0.0,,,,0.0,0.0,— 无点击,观察,0%,$0.00,无流量，检查出价是否过低
SL_0_合集_puppy,精准_12,small dog collar leash,EXACT,545,3,0,4.12,0.0,,0.0,1.37,0.0,0.09,⚪ 低点击不出单,↘ 降价,-10%,$0.14,无出单，降低无效花费
SL_0_合集_puppy,精准_12,slip dog leash for small dogs,EXACT,124,4,0,5.18,0.0,,0.0,1.3,0.0,0.11,⚪ 低点击不出单,↘ 降价,-10%,$0.13,无出单，降低无效花费
SL_0_合集_puppy,精准_12,slip collar for puppy,EXACT,20,0,0,0.0,0.0,,,,0.0,0.0,— 无点击,观察,0%,$0.00,无流量，检查出价是否过低
SL_0_合集_puppy,精准_12,slide leash for small dogs,EXACT,3,0,0,0.0,0.0,,,,0.0,0.0,— 无点击,观察,0%,$0.00,无流量，检查出价是否过低
SL_0_合集_puppy,精准_12,short leash for small dogs,EXACT,1114,7,0,6.4,0.0,,0.0,0.91,0.0,0.14,⚪ 低点击不出单,↘ 降价,-10%,$0.09,无出单，降低无效花费
SL_0_合集_puppy,精准_12,puppy lead,EXACT,270,3,0,3.13,0.0,,0.0,1.04,0.0,0.07,⚪ 低点击不出单,↘ 降价,-10%,$0.10,无出单，降低无效花费
SL_0_合集_puppy,精准_12,gentle lead for small dogs,EXACT,96,0,0,0.0,0.0,,,,0.0,0.0,— 无点击,观察,0%,$0.00,无流量，检查出价是否过低
SL_0_合集_other_3,精准_19_0316,slipknot leash for dogs,EXACT,75,0,0,0.0,0.0,,,,0.0,0.0,— 无点击,观察,0%,$0.00,无流量，检查出价是否过低
SL_0_合集_other_3,精准_19_0316,slip leaf for dogs,EXACT,81,3,0,2.99,0.0,,0.0,1.0,0.0,0.07,⚪ 低点击不出单,↘ 降价,-10%,$0.10,无出单，降低无效花费
SL_0_合集_other_3,精准_19_0316,slip collar leash for large dogs,EXACT,11,0,0,0.0,0.0,,,,0.0,0.0,— 无点击,观察,0%,$0.00,无流量，检查出价是否过低
SL_0_合集_other_3,精准_19_0316,show dog leash,EXACT,158,4,0,4.510000000000001,0.0,,0.0,1.13,0.0,0.1,⚪ 低点击不出单,↘ 降价,-10%,$0.11,无出单，降低无效花费
SL_0_合集_other_3,精准_19_0316,p dog leash,EXACT,16,0,0,0.0,0.0,,,,0.0,0.0,— 无点击,观察,0%,$0.00,无流量，检查出价是否过低
SL_0_合集_slip lead *_2,精准_20,slip lead dog,EXACT,2889,14,0,12.04,0.0,,0.0,0.86,0.0,0.26,🔴 高点击不出单,⛔ 大幅降价/暂停,-20%,$0.17,已积累14次点击仍无出单，转化严重不足
SL_0_合集_slip lead *_2,精准_20,slip lead 1 4 inch,EXACT,18,2,0,1.9,0.0,,0.0,0.95,0.0,0.04,⚪ 低点击不出单,↘ 降价,-10%,$0.10,无出单，降低无效花费
SL_0_合集_slip lead *_1,精准_14_0316,slip leads for training dogs,EXACT,37,0,0,0.0,0.0,,,,0.0,0.0,— 无点击,观察,0%,$0.00,无流量，检查出价是否过低
SL_0_合集_slip lead *_1,精准_14_0316,slip leads for dogs short,EXACT,3,0,0,0.0,0.0,,,,0.0,0.0,— 无点击,观察,0%,$0.00,无流量，检查出价是否过低
SL_0_合集_slip lead *_1,精准_14_0316,slip lead with two handles,EXACT,3,0,0,0.0,0.0,,,,0.0,0.0,— 无点击,观察,0%,$0.00,无流量，检查出价是否过低
SL_0_合集_slip lead *_1,精准_14_0316,slip lead with spring stopper,EXACT,7,0,0,0.0,0.0,,,,0.0,0.0,— 无点击,观察,0%,$0.00,无流量，检查出价是否过低
SL_0_合集_slip lead *_1,精准_14_0316,slip lead for dogs 4 ft,EXACT,30,0,0,0.0,0.0,,,,0.0,0.0,— 无点击,观察,0%,$0.00,无流量，检查出价是否过低
SL_0_合集_slip lead *_1,精准_14_0316,slip lead dog training leash,EXACT,36,4,0,4.34,0.0,,0.0,1.08,0.0,0.09,⚪ 低点击不出单,↘ 降价,-10%,$0.11,无出单，降低无效花费
SL_0_合集_slip lead *_1,精准_14_0316,slip lead dog leash small dog,EXACT,328,12,0,15.81,0.0,,0.0,1.32,0.0,0.35,🔴 高点击不出单,⛔ 大幅降价/暂停,-20%,$0.26,已积累12次点击仍无出单，转化严重不足
SL_0_合集_slip lead *_1,精准_14_0316,slip lead dog leash for large dogs,EXACT,318,2,0,2.12,0.0,,0.0,1.06,0.0,0.05,⚪ 低点击不出单,↘ 降价,-10%,$0.11,无出单，降低无效花费
SL_0_合集_slip lead *_1,精准_14_0316,slip lead 4ft,EXACT,14,0,0,0.0,0.0,,,,0.0,0.0,— 无点击,观察,0%,$0.00,无流量，检查出价是否过低
SL_0_合集_slip lead *_1,精准_12,slip leads for dogs 3ft,EXACT,10,0,0,0.0,0.0,,,,0.0,0.0,— 无点击,观察,0%,$0.00,无流量，检查出价是否过低
SL_0_合集_slip lead *_1,精准_12,slip lead with stopper,EXACT,306,3,0,2.3200000000000003,0.0,,0.0,0.77,0.0,0.05,⚪ 低点击不出单,↘ 降价,-10%,$0.08,无出单，降低无效花费
SL_0_合集_slip lead *_1,精准_12,slip lead with safety clip,EXACT,59,1,0,1.04,0.0,,0.0,1.04,0.0,0.02,⚪ 低点击不出单,↘ 降价,-10%,$0.10,无出单，降低无效花费
SL_0_合集_slip lead *_1,精准_12,slip lead small,EXACT,13,0,0,0.0,0.0,,,,0.0,0.0,— 无点击,观察,0%,$0.00,无流量，检查出价是否过低
SL_0_合集_slip lead *_1,精准_12,slip lead leash for small dogs,EXACT,20,0,0,0.0,0.0,,,,0.0,0.0,— 无点击,观察,0%,$0.00,无流量，检查出价是否过低
SL_0_合集_slip lead *_3,精准_25,slip lead leash for dog training 4ft,EXACT,4,0,0,0.0,0.0,,,,0.0,0.0,— 无点击,观察,0%,$0.00,无流量，检查出价是否过低
SL_0_合集_slip lead *_3,精准_25,slip lead leash for dog,EXACT,4,0,0,0.0,0.0,,,,0.0,0.0,— 无点击,观察,0%,$0.00,无流量，检查出价是否过低
SL_0_合集_slip lead *_3,精准_25,slip lead for small dog,EXACT,856,11,0,9.76,0.0,,0.0,0.89,0.0,0.21,🔴 高点击不出单,⛔ 大幅降价/暂停,-20%,$0.18,已积累11次点击仍无出单，转化严重不足
SL_0_合集_slip lead *_3,精准_25,slip lead for large dog training,EXACT,1,0,0,0.0,0.0,,,,0.0,0.0,— 无点击,观察,0%,$0.00,无流量，检查出价是否过低
SL_0_合集_slip lead *_3,精准_25,slip lead for dogs padded handle,EXACT,0,0,0,0.0,0.0,,,,0.0,0.0,— 无点击,观察,0%,$0.00,无流量，检查出价是否过低
SL_0_合集_slip lead *_3,精准_25,slip lead dog leash for tiny dogs,EXACT,5,0,0,0.0,0.0,,,,0.0,0.0,— 无点击,观察,0%,$0.00,无流量，检查出价是否过低
SL_0_合集_slip lead *_3,精准_25,slip lead dog leash 6ft,EXACT,8,0,0,0.0,0.0,,,,0.0,0.0,— 无点击,观察,0%,$0.00,无流量，检查出价是否过低
SL_0_合集_slip lead *_2,精准_20,slip leads for puppies,EXACT,1,0,0,0.0,0.0,,,,0.0,0.0,— 无点击,观察,0%,$0.00,无流量，检查出价是否过低
SL_0_合集_slip lead *_2,精准_20,slip leads for dogs with stopper,EXACT,4,0,0,0.0,0.0,,,,0.0,0.0,— 无点击,观察,0%,$0.00,无流量，检查出价是否过低
SL_0_合集_slip lead *_2,精准_20,slip lead with handle,EXACT,21,0,0,0.0,0.0,,,,0.0,0.0,— 无点击,观察,0%,$0.00,无流量，检查出价是否过低
SL_0_合集_slip lead *_2,精准_20,slip lead training,EXACT,21,0,0,0.0,0.0,,,,0.0,0.0,— 无点击,观察,0%,$0.00,无流量，检查出价是否过低
SL_0_合集_slip lead *_2,精准_20,slip lead pink,EXACT,14,0,0,0.0,0.0,,,,0.0,0.0,— 无点击,观察,0%,$0.00,无流量，检查出价是否过低
SL_0_合集_slip lead *_2,精准_20,slip lead nylon,EXACT,34,0,0,0.0,0.0,,,,0.0,0.0,— 无点击,观察,0%,$0.00,无流量，检查出价是否过低
SL_0_合集_slip lead *_2,精准_20,slip lead leash for small dog training,EXACT,3,0,0,0.0,0.0,,,,0.0,0.0,— 无点击,观察,0%,$0.00,无流量，检查出价是否过低
SL_0_合集_slip lead *_2,精准_20,slip lead dog leash with traffic handle,EXACT,5,0,0,0.0,0.0,,,,0.0,0.0,— 无点击,观察,0%,$0.00,无流量，检查出价是否过低
SL_0_合集_slip lead *_2,精准_20,slip lead dog leash 4ft,EXACT,21,0,0,0.0,0.0,,,,0.0,0.0,— 无点击,观察,0%,$0.00,无流量，检查出价是否过低
SL_0_合集_slip lead *_4,精准_32,slip lead head halter dog leash,EXACT,2,0,0,0.0,0.0,,,,0.0,0.0,— 无点击,观察,0%,$0.00,无流量，检查出价是否过低
SL_0_合集_slip lead *_4,精准_32,slip lead for reactive dogs,EXACT,3,0,0,0.0,0.0,,,,0.0,0.0,— 无点击,观察,0%,$0.00,无流量，检查出价是否过低
SL_0_合集_slip lead *_4,精准_32,slip lead for puppies,EXACT,7,0,0,0.0,0.0,,,,0.0,0.0,— 无点击,观察,0%,$0.00,无流量，检查出价是否过低
SL_0_合集_slip lead *_4,精准_32,slip lead for dog,EXACT,9,0,0,0.0,0.0,,,,0.0,0.0,— 无点击,观察,0%,$0.00,无流量，检查出价是否过低
SL_0_合集_slip lead *_4,精准_32,slip lead dogs,EXACT,27,0,0,0.0,0.0,,,,0.0,0.0,— 无点击,观察,0%,$0.00,无流量，检查出价是否过低
SL_0_合集_slip lead *_4,精准_32,slip lead dog leash with double handles,EXACT,1,0,0,0.0,0.0,,,,0.0,0.0,— 无点击,观察,0%,$0.00,无流量，检查出价是否过低
SL_0_合集_slip lead *_4,精准_32,slip lead comfort handle,EXACT,3,1,0,0.86,0.0,,0.0,0.86,0.0,0.02,⚪ 低点击不出单,↘ 降价,-10%,$0.09,无出单，降低无效花费
SL_0_合集_slip lead *_4,精准_32,slip lead collar for dogs,EXACT,32,0,0,0.0,0.0,,,,0.0,0.0,— 无点击,观察,0%,$0.00,无流量，检查出价是否过低
SL_0_合集_slip lead *_3,精准_25,slip leads for dogs with traffic handle,EXACT,25,1,0,0.87,0.0,,0.0,0.87,0.0,0.02,⚪ 低点击不出单,↘ 降价,-10%,$0.09,无出单，降低无效花费
SL_0_合集_slip lead *_3,精准_25,slip leads for dogs training,EXACT,154,3,0,2.88,0.0,,0.0,0.96,0.0,0.06,⚪ 低点击不出单,↘ 降价,-10%,$0.10,无出单，降低无效花费
SL_0_合集_slip lead *_3,精准_25,slip leads for dogs 4ft,EXACT,261,1,0,0.7,0.0,,0.0,0.7,0.0,0.02,⚪ 低点击不出单,↘ 降价,-10%,$0.07,无出单，降低无效花费
SL_0_合集_slip lead *_3,精准_25,slip lead with two stopper,EXACT,6,0,0,0.0,0.0,,,,0.0,0.0,— 无点击,观察,0%,$0.00,无流量，检查出价是否过低
SL_0_合集_slip lead *_3,精准_25,slip lead with toggle,EXACT,7,0,0,0.0,0.0,,,,0.0,0.0,— 无点击,观察,0%,$0.00,无流量，检查出价是否过低
SL_0_合集_slip lead *_3,精准_25,slip lead with locking stopper,EXACT,16,0,0,0.0,0.0,,,,0.0,0.0,— 无点击,观察,0%,$0.00,无流量，检查出价是否过低
SL_0_合集_slip lead *_3,精准_25,slip lead leash for large dogs,EXACT,15,1,0,0.87,0.0,,0.0,0.87,0.0,0.02,⚪ 低点击不出单,↘ 降价,-10%,$0.09,无出单，降低无效花费
SL_0_合集_slip lead *_3,精准_25,slip lead leash for dogs,EXACT,67,0,0,0.0,0.0,,,,0.0,0.0,— 无点击,观察,0%,$0.00,无流量，检查出价是否过低
SL_0_合集_* slip lead_4,精准_30,martingale slip lead,EXACT,27,2,0,1.7,0.0,,0.0,0.85,0.0,0.04,⚪ 低点击不出单,↘ 降价,-10%,$0.09,无出单，降低无效花费
SL_0_合集_* slip lead_4,精准_30,long slip lead,EXACT,21,0,0,0.0,0.0,,,,0.0,0.0,— 无点击,观察,0%,$0.00,无流量，检查出价是否过低
SL_0_合集_* slip lead_4,精准_30,limited slip lead,EXACT,35,0,0,0.0,0.0,,,,0.0,0.0,— 无点击,观察,0%,$0.00,无流量，检查出价是否过低
SL_0_合集_* slip lead_4,精准_30,light weight slip lead,EXACT,27,0,0,0.0,0.0,,,,0.0,0.0,— 无点击,观察,0%,$0.00,无流量，检查出价是否过低
SL_0_合集_slip leash *_1,精准_10_0316,slip leashes for puppies,EXACT,88,0,0,0.0,0.0,,,,0.0,0.0,— 无点击,观察,0%,$0.00,无流量，检查出价是否过低
SL_0_合集_slip leash *_1,精准_10_0316,slip leash small dog,EXACT,213,0,0,0.0,0.0,,,,0.0,0.0,— 无点击,观察,0%,$0.00,无流量，检查出价是否过低
SL_0_合集_slip leash *_1,精准_10_0316,slip leash for dogs spring loaded,EXACT,134,0,0,0.0,0.0,,,,0.0,0.0,— 无点击,观察,0%,$0.00,无流量，检查出价是否过低
SL_0_合集_slip leash *_1,精准_10_0316,slip leash for dogs small,EXACT,22,1,0,0.96,0.0,,0.0,0.96,0.0,0.02,⚪ 低点击不出单,↘ 降价,-10%,$0.10,无出单，降低无效花费
SL_0_合集_slip lead *_4,精准_32,slip leads for dogs thin,EXACT,0,0,0,0.0,0.0,,,,0.0,0.0,— 无点击,观察,0%,$0.00,无流量，检查出价是否过低
SL_0_合集_slip lead *_4,精准_32,slip leads for dogs small,EXACT,12,0,0,0.0,0.0,,,,0.0,0.0,— 无点击,观察,0%,$0.00,无流量，检查出价是否过低
SL_0_合集_slip lead *_4,精准_32,slip leads for dog training,EXACT,2,0,0,0.0,0.0,,,,0.0,0.0,— 无点击,观察,0%,$0.00,无流量，检查出价是否过低
SL_0_合集_slip lead *_4,精准_32,slip leads collar for dogs,EXACT,37,0,0,0.0,0.0,,,,0.0,0.0,— 无点击,观察,0%,$0.00,无流量，检查出价是否过低
SL_0_合集_slip lead *_4,精准_32,slip lead training leash,EXACT,0,0,0,0.0,0.0,,,,0.0,0.0,— 无点击,观察,0%,$0.00,无流量，检查出价是否过低
SL_0_合集_slip lead *_4,精准_32,slip lead thin,EXACT,13,0,0,0.0,0.0,,,,0.0,0.0,— 无点击,观察,0%,$0.00,无流量，检查出价是否过低
SL_0_合集_slip lead *_4,精准_32,slip lead stopper,EXACT,9,0,0,0.0,0.0,,,,0.0,0.0,— 无点击,观察,0%,$0.00,无流量，检查出价是否过低
SL_0_合集_slip lead *_4,精准_32,slip lead leash for dog training 4 ft,EXACT,17,0,0,0.0,0.0,,,,0.0,0.0,— 无点击,观察,0%,$0.00,无流量，检查出价是否过低
SL_0_合集_slip leash *_1,精准_20,slip leash with spring loaded stopper,EXACT,3,0,0,0.0,0.0,,,,0.0,0.0,— 无点击,观察,0%,$0.00,无流量，检查出价是否过低
SL_0_合集_slip leash *_1,精准_20,slip leash teal,EXACT,7,0,0,0.0,0.0,,,,0.0,0.0,— 无点击,观察,0%,$0.00,无流量，检查出价是否过低
SL_0_合集_slip leash *_1,精准_20,slip leash for small dogs 4 ft,EXACT,3,0,0,0.0,0.0,,,,0.0,0.0,— 无点击,观察,0%,$0.00,无流量，检查出价是否过低
SL_0_合集_slip leash *_1,精准_20,slip leash for large dogs training,EXACT,20,0,0,0.0,0.0,,,,0.0,0.0,— 无点击,观察,0%,$0.00,无流量，检查出价是否过低
SL_0_合集_slip leash *_1,精准_20,slip leash attachment,EXACT,15,0,0,0.0,0.0,,,,0.0,0.0,— 无点击,观察,0%,$0.00,无流量，检查出价是否过低
SL_0_合集_* slip leash *_1,精准_13,cesar millan slip leash for dogs,EXACT,4,0,0,0.0,0.0,,,,0.0,0.0,— 无点击,观察,0%,$0.00,无流量，检查出价是否过低
SL_0_合集_* slip lead_4,精准_30,will atherton slip lead,EXACT,21,0,0,0.0,0.0,,,,0.0,0.0,— 无点击,观察,0%,$0.00,无流量，检查出价是否过低
SL_0_合集_* slip lead_4,精准_30,thin training slip lead,EXACT,17,0,0,0.0,0.0,,,,0.0,0.0,— 无点击,观察,0%,$0.00,无流量，检查出价是否过低
SL_0_合集_* slip lead_4,精准_30,tactical slip lead,EXACT,11,1,0,1.07,0.0,,0.0,1.07,0.0,0.02,⚪ 低点击不出单,↘ 降价,-10%,$0.11,无出单，降低无效花费
SL_0_合集_* slip lead_4,精准_30,spring loaded slip lead,EXACT,38,0,0,0.0,0.0,,,,0.0,0.0,— 无点击,观察,0%,$0.00,无流量，检查出价是否过低
SL_0_合集_* slip lead_4,精准_30,slim slip lead,EXACT,28,0,0,0.0,0.0,,,,0.0,0.0,— 无点击,观察,0%,$0.00,无流量，检查出价是否过低
SL_0_合集_* slip lead_4,精准_30,skinny slip lead,EXACT,1,0,0,0.0,0.0,,,,0.0,0.0,— 无点击,观察,0%,$0.00,无流量，检查出价是否过低
SL_0_合集_* slip lead_4,精准_30,rope slip leads,EXACT,22,0,0,0.0,0.0,,,,0.0,0.0,— 无点击,观察,0%,$0.00,无流量，检查出价是否过低
SL_0_合集_* slip lead_4,精准_30,radar k9 slip lead,EXACT,116,0,0,0.0,0.0,,,,0.0,0.0,— 无点击,观察,0%,$0.00,无流量，检查出价是否过低
SL_0_合集_* slip lead_4,精准_30,nca slip lead,EXACT,27,0,0,0.0,0.0,,,,0.0,0.0,— 无点击,观察,0%,$0.00,无流量，检查出价是否过低
SL_0_合集_* slip lead_4,精准_30,metal slip lead,EXACT,10,0,0,0.0,0.0,,,,0.0,0.0,— 无点击,观察,0%,$0.00,无流量，检查出价是否过低
SL_0_合集_slip leash *_3,精准_24,slip leash short,EXACT,1,0,0,0.0,0.0,,,,0.0,0.0,— 无点击,观察,0%,$0.00,无流量，检查出价是否过低
SL_0_合集_slip leash *_3,精准_24,slip leash for small dogs 5-15lbs,EXACT,30,0,0,0.0,0.0,,,,0.0,0.0,— 无点击,观察,0%,$0.00,无流量，检查出价是否过低
SL_0_合集_slip leash *_3,精准_24,slip leash for dogs 5 ft,EXACT,6,0,0,0.0,0.0,,,,0.0,0.0,— 无点击,观察,0%,$0.00,无流量，检查出价是否过低
SL_0_合集_slip leash *_3,精准_24,slip leash for dogs 3 ft,EXACT,28,0,0,0.0,0.0,,,,0.0,0.0,— 无点击,观察,0%,$0.00,无流量，检查出价是否过低
SL_0_合集_slip leash *_3,精准_24,slip leash double handle,EXACT,8,0,0,0.0,0.0,,,,0.0,0.0,— 无点击,观察,0%,$0.00,无流量，检查出价是否过低
SL_0_合集_slip leash *_3,精准_24,slip leash dog training,EXACT,6,0,0,0.0,0.0,,,,0.0,0.0,— 无点击,观察,0%,$0.00,无流量，检查出价是否过低
SL_0_合集_slip leash *_3,精准_24,slip leash 6ft,EXACT,1,0,0,0.0,0.0,,,,0.0,0.0,— 无点击,观察,0%,$0.00,无流量，检查出价是否过低
SL_0_合集_slip leash *_2,精准_15,slip leash with swivel,EXACT,16,0,0,0.0,0.0,,,,0.0,0.0,— 无点击,观察,0%,$0.00,无流量，检查出价是否过低
SL_0_合集_slip leash *_2,精准_15,slip leash with stopper,EXACT,118,0,0,0.0,0.0,,,,0.0,0.0,— 无点击,观察,0%,$0.00,无流量，检查出价是否过低
SL_0_合集_slip leash *_2,精准_15,slip leash thin,EXACT,19,0,0,0.0,0.0,,,,0.0,0.0,— 无点击,观察,0%,$0.00,无流量，检查出价是否过低
SL_0_合集_slip leash *_2,精准_15,slip leash spring loaded stopper,EXACT,73,1,0,1.11,0.0,,0.0,1.11,0.0,0.02,⚪ 低点击不出单,↘ 降价,-10%,$0.11,无出单，降低无效花费
SL_0_合集_slip leash *_2,精准_15,slip leash for small dogs training,EXACT,9,0,0,0.0,0.0,,,,0.0,0.0,— 无点击,观察,0%,$0.00,无流量，检查出价是否过低
SL_0_合集_slip leash *_2,精准_15,slip leash for dogs 4 ft,EXACT,49,1,0,0.97,0.0,,0.0,0.97,0.0,0.02,⚪ 低点击不出单,↘ 降价,-10%,$0.10,无出单，降低无效花费
SL_0_合集_slip leash *_2,精准_15,slip leash for dogs 2 pack,EXACT,60,1,0,0.88,0.0,,0.0,0.88,0.0,0.02,⚪ 低点击不出单,↘ 降价,-10%,$0.09,无出单，降低无效花费
SL_0_合集_slip leash *_2,精准_15,slip leash 4ft,EXACT,7,0,0,0.0,0.0,,,,0.0,0.0,— 无点击,观察,0%,$0.00,无流量，检查出价是否过低
SL_0_合集_slip leash *_1,精准_20,slip leash with spring stopper,EXACT,2,0,0,0.0,0.0,,,,0.0,0.0,— 无点击,观察,0%,$0.00,无流量，检查出价是否过低
SL_0_合集_training_1,精准_30,short training leash,EXACT,172,1,0,0.94,0.0,,0.0,0.94,0.0,0.02,⚪ 低点击不出单,↘ 降价,-10%,$0.09,无出单，降低无效花费
SL_0_合集_training_1,精准_30,short dog training leash,EXACT,63,2,0,1.45,0.0,,0.0,0.72,0.0,0.03,⚪ 低点击不出单,↘ 降价,-10%,$0.07,无出单，降低无效花费
SL_0_合集_training_1,精准_30,puppy walking training leash,EXACT,62,0,0,0.0,0.0,,,,0.0,0.0,— 无点击,观察,0%,$0.00,无流量，检查出价是否过低
SL_0_合集_training_1,精准_30,leash training for dogs no pull,EXACT,391,0,0,0.0,0.0,,,,0.0,0.0,— 无点击,观察,0%,$0.00,无流量，检查出价是否过低
SL_0_合集_training_1,精准_30,dog walking training leash,EXACT,76,0,0,0.0,0.0,,,,0.0,0.0,— 无点击,观察,0%,$0.00,无流量，检查出价是否过低
SL_0_合集_training_1,精准_30,dog walk training leash,EXACT,11,0,0,0.0,0.0,,,,0.0,0.0,— 无点击,观察,0%,$0.00,无流量，检查出价是否过低
SL_0_合集_training_1,精准_30,dog training leash short,EXACT,11,0,0,0.0,0.0,,,,0.0,0.0,— 无点击,观察,0%,$0.00,无流量，检查出价是否过低
SL_0_合集_training_1,精准_30,dog trainer leash,EXACT,199,0,0,0.0,0.0,,,,0.0,0.0,— 无点击,观察,0%,$0.00,无流量，检查出价是否过低
SL_0_合集_training_1,精准_30,dog lead for training,EXACT,817,6,0,8.14,0.0,,0.0,1.36,0.0,0.18,⚪ 低点击不出单,↘ 降价,-10%,$0.14,无出单，降低无效花费
SL_0_合集_training_1,精准_30,dog heel training leash,EXACT,44,0,0,0.0,0.0,,,,0.0,0.0,— 无点击,观察,0%,$0.00,无流量，检查出价是否过低
SL_0_合集_training_1,精准_30,dog daddy training leash,EXACT,4,0,0,0.0,0.0,,,,0.0,0.0,— 无点击,观察,0%,$0.00,无流量，检查出价是否过低
SL_0_合集_training_1,精准_30,cesar millan training leash,EXACT,129,1,0,0.91,0.0,,0.0,0.91,0.0,0.02,⚪ 低点击不出单,↘ 降价,-10%,$0.09,无出单，降低无效花费
SL_0_合集_training_1,精准_30,best training leash for puppies,EXACT,53,0,0,0.0,0.0,,,,0.0,0.0,— 无点击,观察,0%,$0.00,无流量，检查出价是否过低
SL_0_合集_slip leash *_3,精准_24,slip leash with safety clip,EXACT,30,0,0,0.0,0.0,,,,0.0,0.0,— 无点击,观察,0%,$0.00,无流量，检查出价是否过低
SL_0_合集_slip leash *_3,精准_24,slip leash with handle,EXACT,1,0,0,0.0,0.0,,,,0.0,0.0,— 无点击,观察,0%,$0.00,无流量，检查出价是否过低
SL_0_合集_slip leash *_3,精准_24,slip leash with clip,EXACT,71,0,0,0.0,0.0,,,,0.0,0.0,— 无点击,观察,0%,$0.00,无流量，检查出价是否过低
SL_0_合集_training_2,精准_29,dog training things,EXACT,23,0,0,0.0,0.0,,,,0.0,0.0,— 无点击,观察,0%,$0.00,无流量，检查出价是否过低
SL_0_合集_training_2,精准_29,dog training slip collar,EXACT,120,2,0,2.0300000000000002,0.0,,0.0,1.02,0.0,0.04,⚪ 低点击不出单,↘ 降价,-10%,$0.10,无出单，降低无效花费
SL_0_合集_training_2,精准_29,dog training leashes for medium dogs,EXACT,18,0,0,0.0,0.0,,,,0.0,0.0,— 无点击,观察,0%,$0.00,无流量，检查出价是否过低
SL_0_合集_training_2,精准_29,dog training leash pulling,EXACT,51,0,0,0.0,0.0,,,,0.0,0.0,— 无点击,观察,0%,$0.00,无流量，检查出价是否过低
SL_0_合集_training_2,精准_29,dog leash for training no pull,EXACT,79,0,0,0.0,0.0,,,,0.0,0.0,— 无点击,观察,0%,$0.00,无流量，检查出价是否过低
SL_0_合集_training_2,精准_29,correction leash for dog training,EXACT,38,0,0,0.0,0.0,,,,0.0,0.0,— 无点击,观察,0%,$0.00,无流量，检查出价是否过低
SL_0_合集_training_2,精准_29,20ft dog training leash,EXACT,2,0,0,0.0,0.0,,,,0.0,0.0,— 无点击,观察,0%,$0.00,无流量，检查出价是否过低
SL_0_合集_training_1,精准_30,training leashes,EXACT,3,0,0,0.0,0.0,,,,0.0,0.0,— 无点击,观察,0%,$0.00,无流量，检查出价是否过低
SL_0_合集_training_1,精准_30,training leash for small puppies,EXACT,39,0,0,0.0,0.0,,,,0.0,0.0,— 无点击,观察,0%,$0.00,无流量，检查出价是否过低
SL_0_合集_training_1,精准_30,training leash for puppy,EXACT,1012,7,0,8.530000000000001,0.0,,0.0,1.22,0.0,0.19,⚪ 低点击不出单,↘ 降价,-10%,$0.12,无出单，降低无效花费
SL_0_合集_training_1,精准_30,training leash dog,EXACT,249,4,0,3.69,0.0,,0.0,0.92,0.0,0.08,⚪ 低点击不出单,↘ 降价,-10%,$0.09,无出单，降低无效花费
SL_0_合集_training_1,精准_30,training dog leashes,EXACT,843,6,0,5.86,0.0,,0.0,0.98,0.0,0.13,⚪ 低点击不出单,↘ 降价,-10%,$0.10,无出单，降低无效花费
SL_0_合集_training_1,精准_30,training dog leash for small dogs,EXACT,60,0,0,0.0,0.0,,,,0.0,0.0,— 无点击,观察,0%,$0.00,无流量，检查出价是否过低
SL_0_合集_training_1,精准_30,trainer leash for small dogs,EXACT,2,0,0,0.0,0.0,,,,0.0,0.0,— 无点击,观察,0%,$0.00,无流量，检查出价是否过低
SL_0_合集_training_1,精准_30,thin training leash for dogs,EXACT,6,0,0,0.0,0.0,,,,0.0,0.0,— 无点击,观察,0%,$0.00,无流量，检查出价是否过低
SL_0_合集_training_1,精准_30,slip training leash for dogs,EXACT,26,0,0,0.0,0.0,,,,0.0,0.0,— 无点击,观察,0%,$0.00,无流量，检查出价是否过低
SL_0_合集_* slip lead_3,精准_20,flat slip lead,EXACT,1,0,0,0.0,0.0,,,,0.0,0.0,— 无点击,观察,0%,$0.00,无流量，检查出价是否过低
SL_0_合集_* slip lead_3,精准_20,fida slip lead,EXACT,33,1,0,0.82,0.0,,0.0,0.82,0.0,0.02,⚪ 低点击不出单,↘ 降价,-10%,$0.08,无出单，降低无效花费
SL_0_合集_* slip lead_3,精准_20,dog training slip leads,EXACT,4,0,0,0.0,0.0,,,,0.0,0.0,— 无点击,观察,0%,$0.00,无流量，检查出价是否过低
SL_0_合集_training_3,精准_30,dog leash puppy training,EXACT,67,2,0,2.17,0.0,,0.0,1.08,0.0,0.05,⚪ 低点击不出单,↘ 降价,-10%,$0.11,无出单，降低无效花费
SL_0_合集_training_3,精准_30,dog lead training,EXACT,61,1,0,1.2,0.0,,0.0,1.2,0.0,0.03,⚪ 低点击不出单,↘ 降价,-10%,$0.12,无出单，降低无效花费
SL_0_合集_training_2,精准_29,walking training leash for dogs,EXACT,16,0,0,0.0,0.0,,,,0.0,0.0,— 无点击,观察,0%,$0.00,无流量，检查出价是否过低
SL_0_合集_training_2,精准_29,training leads for dogs,EXACT,70,1,0,0.91,0.0,,0.0,0.91,0.0,0.02,⚪ 低点击不出单,↘ 降价,-10%,$0.09,无出单，降低无效花费
SL_0_合集_training_2,精准_29,trainer leash for dogs,EXACT,80,0,0,0.0,0.0,,,,0.0,0.0,— 无点击,观察,0%,$0.00,无流量，检查出价是否过低
SL_0_合集_training_2,精准_29,thin dog training leash,EXACT,33,0,0,0.0,0.0,,,,0.0,0.0,— 无点击,观察,0%,$0.00,无流量，检查出价是否过低
SL_0_合集_training_2,精准_29,ruffwear training leash,EXACT,1,0,0,0.0,0.0,,,,0.0,0.0,— 无点击,观察,0%,$0.00,无流量，检查出价是否过低
SL_0_合集_training_2,精准_29,reactive dog training leash,EXACT,23,0,0,0.0,0.0,,,,0.0,0.0,— 无点击,观察,0%,$0.00,无流量，检查出价是否过低
SL_0_合集_training_2,精准_29,potty training leash,EXACT,5,0,0,0.0,0.0,,,,0.0,0.0,— 无点击,观察,0%,$0.00,无流量，检查出价是否过低
SL_0_合集_training_2,精准_29,no pull training leash for dogs,EXACT,44,0,0,0.0,0.0,,,,0.0,0.0,— 无点击,观察,0%,$0.00,无流量，检查出价是否过低
SL_0_合集_training_2,精准_29,lightweight training leash,EXACT,56,1,0,1.12,0.0,,0.0,1.12,0.0,0.02,⚪ 低点击不出单,↘ 降价,-10%,$0.11,无出单，降低无效花费
SL_0_合集_training_2,精准_29,large dog training,EXACT,19,0,0,0.0,0.0,,,,0.0,0.0,— 无点击,观察,0%,$0.00,无流量，检查出价是否过低
SL_0_合集_training_2,精准_29,in training leash,EXACT,2611,12,0,10.17,0.0,,0.0,0.85,0.0,0.22,🔴 高点击不出单,⛔ 大幅降价/暂停,-20%,$0.17,已积累12次点击仍无出单，转化严重不足
SL_0_合集_training_3,精准_30,leash for training puppy,EXACT,90,1,0,1.05,0.0,,0.0,1.05,0.0,0.02,⚪ 低点击不出单,↘ 降价,-10%,$0.11,无出单，降低无效花费
SL_0_合集_training_3,精准_30,leash for training,EXACT,41,2,0,2.04,0.0,,0.0,1.02,0.0,0.04,⚪ 低点击不出单,↘ 降价,-10%,$0.10,无出单，降低无效花费
SL_0_合集_training_3,精准_30,dog training rope leash,EXACT,3,0,0,0.0,0.0,,,,0.0,0.0,— 无点击,观察,0%,$0.00,无流量，检查出价是否过低
SL_0_合集_training_3,精准_30,dog training leash small dog,EXACT,101,1,0,0.97,0.0,,0.0,0.97,0.0,0.02,⚪ 低点击不出单,↘ 降价,-10%,$0.10,无出单，降低无效花费
SL_0_合集_training_3,精准_30,dog leashes training,EXACT,238,5,0,5.18,0.0,,0.0,1.04,0.0,0.11,⚪ 低点击不出单,↘ 降价,-10%,$0.10,无出单，降低无效花费
SL_0_合集_* slip lead_4,精准_30,bulk slip leads,EXACT,551,3,0,4.23,0.0,,0.0,1.41,0.0,0.09,⚪ 低点击不出单,↘ 降价,-10%,$0.14,无出单，降低无效花费
SL_0_合集_* slip lead_4,精准_30,aaufilux slip lead,EXACT,4,0,0,0.0,0.0,,,,0.0,0.0,— 无点击,观察,0%,$0.00,无流量，检查出价是否过低
SL_0_合集_* slip lead_4,精准_30,4ft dog slip lead,EXACT,46,0,0,0.0,0.0,,,,0.0,0.0,— 无点击,观察,0%,$0.00,无流量，检查出价是否过低
SL_0_合集_* slip lead_3,精准_20,spring loaded slip lead,EXACT,2,0,0,0.0,0.0,,,,0.0,0.0,— 无点击,观察,0%,$0.00,无流量，检查出价是否过低
SL_0_合集_* slip lead_3,精准_20,small slip lead,EXACT,35,0,0,0.0,0.0,,,,0.0,0.0,— 无点击,观察,0%,$0.00,无流量，检查出价是否过低
SL_0_合集_* slip lead_3,精准_20,small dog slip lead,EXACT,95,1,0,0.9,0.0,,0.0,0.9,0.0,0.02,⚪ 低点击不出单,↘ 降价,-10%,$0.09,无出单，降低无效花费
SL_0_合集_* slip lead_3,精准_20,ruffwear slip lead,EXACT,43,0,0,0.0,0.0,,,,0.0,0.0,— 无点击,观察,0%,$0.00,无流量，检查出价是否过低
SL_0_合集_* slip lead_3,精准_20,purple slip lead,EXACT,74,0,0,0.0,0.0,,,,0.0,0.0,— 无点击,观察,0%,$0.00,无流量，检查出价是否过低
SL_0_合集_* slip lead_3,精准_20,pink slip lead,EXACT,98,0,0,0.0,0.0,,,,0.0,0.0,— 无点击,观察,0%,$0.00,无流量，检查出价是否过低
SL_0_合集_* slip lead_3,精准_20,paracord slip lead,EXACT,12,0,0,0.0,0.0,,,,0.0,0.0,— 无点击,观察,0%,$0.00,无流量，检查出价是否过低
SL_0_合集_* slip lead_3,精准_20,no pull slip lead,EXACT,16,0,0,0.0,0.0,,,,0.0,0.0,— 无点击,观察,0%,$0.00,无流量，检查出价是否过低
SL_1_choker collar for dogs,Exact,choker collar for dogs,EXACT,793,5,0,4.68,0.0,,0.0,0.94,0.0,0.1,⚪ 低点击不出单,↘ 降价,-10%,$0.09,无出单，降低无效花费
SL_0_合集_training_3,精准_30,training walking leash,EXACT,8,0,0,0.0,0.0,,,,0.0,0.0,— 无点击,观察,0%,$0.00,无流量，检查出价是否过低
SL_0_合集_training_3,精准_30,training slip collar,EXACT,37,0,0,0.0,0.0,,,,0.0,0.0,— 无点击,观察,0%,$0.00,无流量，检查出价是否过低
SL_0_合集_training_3,精准_30,training puppy leashes,EXACT,22,1,0,0.97,0.0,,0.0,0.97,0.0,0.02,⚪ 低点击不出单,↘ 降价,-10%,$0.10,无出单，降低无效花费
SL_0_合集_training_3,精准_30,training leash for small dogs 5-15lbs,EXACT,68,1,0,1.2,0.0,,0.0,1.2,0.0,0.03,⚪ 低点击不出单,↘ 降价,-10%,$0.12,无出单，降低无效花费
SL_0_合集_training_3,精准_30,training leash for small dog,EXACT,142,3,0,3.24,0.0,,0.0,1.08,0.0,0.07,⚪ 低点击不出单,↘ 降价,-10%,$0.11,无出单，降低无效花费
SL_0_合集_training_3,精准_30,training leash for large dogs that pull,EXACT,58,0,0,0.0,0.0,,,,0.0,0.0,— 无点击,观察,0%,$0.00,无流量，检查出价是否过低
SL_0_合集_training_3,精准_30,training lead for dogs that pull,EXACT,66,2,0,1.8,0.0,,0.0,0.9,0.0,0.04,⚪ 低点击不出单,↘ 降价,-10%,$0.09,无出单，降低无效花费
SL_0_合集_training_3,精准_30,trainer leash for puppy,EXACT,2,0,0,0.0,0.0,,,,0.0,0.0,— 无点击,观察,0%,$0.00,无流量，检查出价是否过低
SL_0_合集_training_3,精准_30,small training leash for dogs,EXACT,17,0,0,0.0,0.0,,,,0.0,0.0,— 无点击,观察,0%,$0.00,无流量，检查出价是否过低
SL_0_合集_training_3,精准_30,short leash for dog training 3 ft,EXACT,32,0,0,0.0,0.0,,,,0.0,0.0,— 无点击,观察,0%,$0.00,无流量，检查出价是否过低
SL_0_合集_training_3,精准_30,rope training leash for dogs,EXACT,13,0,0,0.0,0.0,,,,0.0,0.0,— 无点击,观察,0%,$0.00,无流量，检查出价是否过低
SL_0_合集_training_3,精准_30,rope slip training dog leash,EXACT,22,0,0,0.0,0.0,,,,0.0,0.0,— 无点击,观察,0%,$0.00,无流量，检查出价是否过低
SL_0_合集_training_3,精准_30,recall dog training leash,EXACT,2,0,0,0.0,0.0,,,,0.0,0.0,— 无点击,观察,0%,$0.00,无流量，检查出价是否过低
SL_0_合集_training_3,精准_30,puppy training leash for dogs,EXACT,17,0,0,0.0,0.0,,,,0.0,0.0,— 无点击,观察,0%,$0.00,无流量，检查出价是否过低
SL_0_合集_training_3,精准_30,leash training,EXACT,363,3,0,3.04,0.0,,0.0,1.01,0.0,0.07,⚪ 低点击不出单,↘ 降价,-10%,$0.10,无出单，降低无效花费
SL_0_合集_* slip lead_2,精准_10,large dog slip lead,EXACT,7,0,0,0.0,0.0,,,,0.0,0.0,— 无点击,观察,0%,$0.00,无流量，检查出价是否过低
SL_0_合集_* slip lead_1,精准_7,leash slip lead,EXACT,197,0,0,0.0,0.0,,,,0.0,0.0,— 无点击,观察,0%,$0.00,无流量，检查出价是否过低
SL_0_合集_* slip lead_1,精准_7,double handle slip lead,EXACT,110,2,0,1.92,0.0,,0.0,0.96,0.0,0.04,⚪ 低点击不出单,↘ 降价,-10%,$0.10,无出单，降低无效花费
SL_0_合集_* slip lead_1,精准_7,custom slip leads,EXACT,18,0,0,0.0,0.0,,,,0.0,0.0,— 无点击,观察,0%,$0.00,无流量，检查出价是否过低
SL_0_合集_* slip lead_1,精准_7,4 slip lead,EXACT,52,0,0,0.0,0.0,,,,0.0,0.0,— 无点击,观察,0%,$0.00,无流量，检查出价是否过低
SL_0_合集_* slip lead_1,精准_10,traffic handle slip lead,EXACT,2,0,0,0.0,0.0,,,,0.0,0.0,— 无点击,观察,0%,$0.00,无流量，检查出价是否过低
SL_2_no pull dog leash_DW_1126,EXACT,no pull dog leash,EXACT,372,5,0,4.5600000000000005,0.0,,0.0,0.91,0.0,0.1,⚪ 低点击不出单,↘ 降价,-10%,$0.09,无出单，降低无效花费
SL_1_slip leash_强相关,精准,slip leashes,EXACT,9,1,0,1.38,0.0,,0.0,1.38,0.0,0.03,⚪ 低点击不出单,↘ 降价,-10%,$0.14,无出单，降低无效花费
SL_1_slip leash for dogs_强相关,精准,slip leash for dogs,EXACT,117,0,0,0.0,0.0,,,,0.0,0.0,— 无点击,观察,0%,$0.00,无流量，检查出价是否过低
SL_1_slip lead_FX_0925_强相关,精准,slip leads,EXACT,1002,6,0,5.28,0.0,,0.0,0.88,0.0,0.12,⚪ 低点击不出单,↘ 降价,-10%,$0.09,无出单，降低无效花费
SL_1_puppy training_DW,精准,puppy training,EXACT,94,1,0,0.66,0.0,,0.0,0.66,0.0,0.01,⚪ 低点击不出单,↘ 降价,-10%,$0.07,无出单，降低无效花费
SL_1_puppy collar and leash,EXACT,puppy collar and leash,EXACT,6085,22,0,17.22,0.0,,0.0,0.78,0.0,0.38,🔴 高点击不出单,⛔ 大幅降价/暂停,-20%,$0.16,已积累22次点击仍无出单，转化严重不足
SL_1_no pull dog collar_DW_关注,精准,no pull dog collar,EXACT,5794,15,0,8.57,0.0,,0.0,0.57,0.0,0.19,🔴 高点击不出单,⛔ 大幅降价/暂停,-20%,$0.11,已积累15次点击仍无出单，转化严重不足
SL_1_dog leashes for medium dogs_中相关_1216,精准,dog leashes for medium dogs,EXACT,2155,4,0,3.68,0.0,,0.0,0.92,0.0,0.08,⚪ 低点击不出单,↘ 降价,-10%,$0.09,无出单，降低无效花费
SL_1_dog collar,Exact,dog collar,EXACT,29347,13,0,9.27,0.0,,0.0,0.71,0.0,0.2,🔴 高点击不出单,⛔ 大幅降价/暂停,-20%,$0.14,已积累13次点击仍无出单，转化严重不足
SL_1_dog choker collar,Exact,dog choker collar,EXACT,1169,2,0,2.22,0.0,,0.0,1.11,0.0,0.05,⚪ 低点击不出单,↘ 降价,-10%,$0.11,无出单，降低无效花费
SL_3_prong collar for small dogs,Exact,prong collar for small dogs,EXACT,460,3,0,3.9400000000000004,0.0,,0.0,1.31,0.0,0.09,⚪ 低点击不出单,↘ 降价,-10%,$0.13,无出单，降低无效花费
SL_3_long training leash for dogs,EXACT,long training leash for dogs,EXACT,1370,1,0,0.6,0.0,,0.0,0.6,0.0,0.01,⚪ 低点击不出单,↘ 降价,-10%,$0.06,无出单，降低无效花费
SL_3_leashes for large breed dogs_DW_0925,精准,leashes for large breed dogs,EXACT,189,1,0,0.85,0.0,,0.0,0.85,0.0,0.02,⚪ 低点击不出单,↘ 降价,-10%,$0.09,无出单，降低无效花费
SL_3_dog slip leash_DW_Tos150,精准,dog slip leash,EXACT,17,2,0,2.5,0.0,,0.0,1.25,0.0,0.05,⚪ 低点击不出单,↘ 降价,-10%,$0.12,无出单，降低无效花费
SL_2_training leash_DW_0925,精准,training leash,EXACT,2901,50,0,52.86,0.0,,0.0,1.06,0.0,1.16,🔴 高点击不出单,⛔ 大幅降价/暂停,-20%,$0.21,已积累50次点击仍无出单，转化严重不足
SL_2_pink dog leash,EXACT,pink dog leash,EXACT,2130,12,0,10.23,0.0,,0.0,0.85,0.0,0.22,🔴 高点击不出单,⛔ 大幅降价/暂停,-20%,$0.17,已积累12次点击仍无出单，转化严重不足
SL_2_no pull leash,EXACT,no pull leash,EXACT,2359,11,0,7.86,0.0,,0.0,0.71,0.0,0.17,🔴 高点击不出单,⛔ 大幅降价/暂停,-20%,$0.14,已积累11次点击仍无出单，转化严重不足
SL_0_合集_* slip lead_3,精准_20,ancol slip lead,EXACT,15,0,0,0.0,0.0,,,,0.0,0.0,— 无点击,观察,0%,$0.00,无流量，检查出价是否过低
SL_0_合集_* slip lead_3,精准_20,3ft slip lead,EXACT,37,0,0,0.0,0.0,,,,0.0,0.0,— 无点击,观察,0%,$0.00,无流量，检查出价是否过低
SL_0_合集_* slip lead_3,精准_20,3 ft slip lead,EXACT,25,0,0,0.0,0.0,,,,0.0,0.0,— 无点击,观察,0%,$0.00,无流量，检查出价是否过低
SL_0_合集_* slip lead_2,精准_10,tom davis slip lead,EXACT,13,0,0,0.0,0.0,,,,0.0,0.0,— 无点击,观察,0%,$0.00,无流量，检查出价是否过低
SL_0_合集_* slip lead_2,精准_10,strong slip lead,EXACT,10,0,0,0.0,0.0,,,,0.0,0.0,— 无点击,观察,0%,$0.00,无流量，检查出价是否过低
SL_0_合集_* slip lead_2,精准_10,rubber slip lead,EXACT,10,0,0,0.0,0.0,,,,0.0,0.0,— 无点击,观察,0%,$0.00,无流量，检查出价是否过低
SL_0_合集_* slip lead_2,精准_10,rope slip lead,EXACT,20,0,0,0.0,0.0,,,,0.0,0.0,— 无点击,观察,0%,$0.00,无流量，检查出价是否过低
SL_0_合集_* slip lead_2,精准_10,orange slip lead,EXACT,41,0,0,0.0,0.0,,,,0.0,0.0,— 无点击,观察,0%,$0.00,无流量，检查出价是否过低
SL_0_合集_* slip lead_2,精准_10,non slip lead,EXACT,6,0,0,0.0,0.0,,,,0.0,0.0,— 无点击,观察,0%,$0.00,无流量，检查出价是否过低
SL_4_slip leash for small dogs_FX,精准,slip leash for small dogs,EXACT,1019,6,0,5.55,0.0,,0.0,0.92,0.0,0.12,⚪ 低点击不出单,↘ 降价,-10%,$0.09,无出单，降低无效花费
SL_4_slip leash for large dogs,精准,slip leash for large dogs,EXACT,473,6,0,4.74,0.0,,0.0,0.79,0.0,0.1,⚪ 低点击不出单,↘ 降价,-10%,$0.08,无出单，降低无效花费
SL_4_slip lead for dogs_重点_0724,精准,slip lead for dogs,EXACT,7,0,0,0.0,0.0,,,,0.0,0.0,— 无点击,观察,0%,$0.00,无流量，检查出价是否过低
SL_4_slip collar_DW_0624,精准,slip collar,EXACT,332,2,0,1.53,0.0,,0.0,0.76,0.0,0.03,⚪ 低点击不出单,↘ 降价,-10%,$0.08,无出单，降低无效花费
SL_4_leashes for small breed dogs_FX,精准,leashes for small breed dogs,EXACT,235,0,0,0.0,0.0,,,,0.0,0.0,— 无点击,观察,0%,$0.00,无流量，检查出价是否过低
SL_4_lead leash for dog training_DW_捡漏,精准,lead leash for dog training,EXACT,9,0,0,0.0,0.0,,,,0.0,0.0,— 无点击,观察,0%,$0.00,无流量，检查出价是否过低
SL_4_fida dog leash,Exact,fida dog leash,EXACT,855,0,0,0.0,0.0,,,,0.0,0.0,— 无点击,观察,0%,$0.00,无流量，检查出价是否过低
SL_4_dominant dog collar,EXACT,dominant dog collar,EXACT,192,2,0,1.49,0.0,,0.0,0.74,0.0,0.03,⚪ 低点击不出单,↘ 降价,-10%,$0.07,无出单，降低无效花费
SL_4_dog training lead_FX,精准,dog training lead,EXACT,125,0,0,0.0,0.0,,,,0.0,0.0,— 无点击,观察,0%,$0.00,无流量，检查出价是否过低
SL_4_dog slip collar,Exact,dog slip collar,EXACT,404,0,0,0.0,0.0,,,,0.0,0.0,— 无点击,观察,0%,$0.00,无流量，检查出价是否过低
SL_4_dog leads for walking_DW_捡漏0925,精准,dog leads for walking,EXACT,8,0,0,0.0,0.0,,,,0.0,0.0,— 无点击,观察,0%,$0.00,无流量，检查出价是否过低
SL_4_carhartt leash for dogs_DW_捡漏,精准,carhartt leash for dogs,EXACT,26,0,0,0.0,0.0,,,,0.0,0.0,— 无点击,观察,0%,$0.00,无流量，检查出价是否过低
SL_3_training leash for puppies_FX,精准,training leash for puppies,EXACT,13,0,0,0.0,0.0,,,,0.0,0.0,— 无点击,观察,0%,$0.00,无流量，检查出价是否过低
SL_3_training dog collar,Exact,training dog collar,EXACT,29,0,0,0.0,0.0,,,,0.0,0.0,— 无点击,观察,0%,$0.00,无流量，检查出价是否过低
SL_3_short leash_DW_捡漏,精准,short leash,EXACT,200,0,0,0.0,0.0,,,,0.0,0.0,— 无点击,观察,0%,$0.00,无流量，检查出价是否过低
SL_3_short leash for dog training_DW_捡漏,精准,short leash for dog training,EXACT,427,1,0,0.6,0.0,,0.0,0.6,0.0,0.01,⚪ 低点击不出单,↘ 降价,-10%,$0.06,无出单，降低无效花费
SL_5_dog show leash,EXACT,dog show leash,EXACT,709,6,0,5.12,0.0,,0.0,0.85,0.0,0.11,⚪ 低点击不出单,↘ 降价,-10%,$0.09,无出单，降低无效花费
SL_5_dog no pull leash,Exact,dog no pull leash,EXACT,94,0,0,0.0,0.0,,,,0.0,0.0,— 无点击,观察,0%,$0.00,无流量，检查出价是否过低
SL_5_dog leashes for large dogs heavy duty,Exact,dog leashes for large dogs heavy duty,EXACT,10081,8,0,6.789999999999999,0.0,,0.0,0.85,0.0,0.15,⚪ 低点击不出单,↘ 降价,-10%,$0.08,无出单，降低无效花费
SL_5_dog leash training,Exact,dog leash training,EXACT,864,6,0,6.1,0.0,,0.0,1.02,0.0,0.13,⚪ 低点击不出单,↘ 降价,-10%,$0.10,无出单，降低无效花费
SL_5_dog leash slip lead,精准,dog leash slip lead,EXACT,397,1,0,1.0,0.0,,0.0,1.0,0.0,0.02,⚪ 低点击不出单,↘ 降价,-10%,$0.10,无出单，降低无效花费
SL_5_dog leash no pull,EXACT,dog leash no pull,EXACT,528,1,0,0.88,0.0,,0.0,0.88,0.0,0.02,⚪ 低点击不出单,↘ 降价,-10%,$0.09,无出单，降低无效花费
SL_5_dog leash for training,EXACT,dog leash for training,EXACT,7,0,0,0.0,0.0,,,,0.0,0.0,— 无点击,观察,0%,$0.00,无流量，检查出价是否过低
SL_5_dog leads for training,Exact,dog leads for training,EXACT,3,0,0,0.0,0.0,,,,0.0,0.0,— 无点击,观察,0%,$0.00,无流量，检查出价是否过低
SL_5_dog leader no pull,Exact,dog leader no pull,EXACT,112,0,0,0.0,0.0,,,,0.0,0.0,— 无点击,观察,0%,$0.00,无流量，检查出价是否过低
SL_5_dog lead leash,EXACT,dog lead leash,EXACT,229,3,0,2.88,0.0,,0.0,0.96,0.0,0.06,⚪ 低点击不出单,↘ 降价,-10%,$0.10,无出单，降低无效花费
SL_5_dog choker,Exact,dog choker,EXACT,54,0,0,0.0,0.0,,,,0.0,0.0,— 无点击,观察,0%,$0.00,无流量，检查出价是否过低
SL_5_cesar millan leash,EXACT,cesar millan leash,EXACT,444,4,0,3.52,0.0,,0.0,0.88,0.0,0.08,⚪ 低点击不出单,↘ 降价,-10%,$0.09,无出单，降低无效花费
SL_5_cesar milan slip lead leash,Exact,cesar milan slip lead leash,EXACT,1223,3,0,3.21,0.0,,0.0,1.07,0.0,0.07,⚪ 低点击不出单,↘ 降价,-10%,$0.11,无出单，降低无效花费
SL_5_anti pull dog leash,EXACT,anti pull dog leash,EXACT,424,2,0,1.76,0.0,,0.0,0.88,0.0,0.04,⚪ 低点击不出单,↘ 降价,-10%,$0.09,无出单，降低无效花费
SL_4_wilderdog leash_FX-Tos100_0925,精准,wilderdog leash,EXACT,739,0,0,0.0,0.0,,,,0.0,0.0,— 无点击,观察,0%,$0.00,无流量，检查出价是否过低
SL_4_thin dog leash,Exact,thin dog leash,EXACT,771,3,0,2.4000000000000004,0.0,,0.0,0.8,0.0,0.05,⚪ 低点击不出单,↘ 降价,-10%,$0.08,无出单，降低无效花费
SL_5_slip leash for medium dog,精准,slip leash for medium dog,EXACT,61,0,0,0.0,0.0,,,,0.0,0.0,— 无点击,观察,0%,$0.00,无流量，检查出价是否过低
SL_5_slip knot leash for dogs,EXACT,slip knot leash for dogs,EXACT,357,1,0,0.88,0.0,,0.0,0.88,0.0,0.02,⚪ 低点击不出单,↘ 降价,-10%,$0.09,无出单，降低无效花费
SL_5_slip dog leash,精准,slip dog leash,EXACT,2,0,0,0.0,0.0,,,,0.0,0.0,— 无点击,观察,0%,$0.00,无流量，检查出价是否过低
SL_5_slip collar for large dogs,EXACT,slip collar for large dogs,EXACT,284,2,0,1.6800000000000002,0.0,,0.0,0.84,0.0,0.04,⚪ 低点击不出单,↘ 降价,-10%,$0.08,无出单，降低无效花费
SL_5_slip collar dog training,Exact,slip collar dog training,EXACT,109,1,0,0.75,0.0,,0.0,0.75,0.0,0.02,⚪ 低点击不出单,↘ 降价,-10%,$0.08,无出单，降低无效花费
SL_5_nose lead for dogs,Exact,nose lead for dogs,EXACT,254,2,0,1.03,0.0,,0.0,0.52,0.0,0.02,⚪ 低点击不出单,↘ 降价,-10%,$0.05,无出单，降低无效花费
SL_5_no pull leash for medium dogs,Exact,no pull leash for medium dogs,EXACT,368,2,0,1.8,0.0,,0.0,0.9,0.0,0.04,⚪ 低点击不出单,↘ 降价,-10%,$0.09,无出单，降低无效花费
SL_5_martingale leash for dogs,EXACT,martingale leash for dogs,EXACT,827,3,0,2.79,0.0,,0.0,0.93,0.0,0.06,⚪ 低点击不出单,↘ 降价,-10%,$0.09,无出单，降低无效花费
SL_5_loop leashes for dogs,Exact,loop leashes for dogs,EXACT,484,4,0,4.53,0.0,,0.0,1.13,0.0,0.1,⚪ 低点击不出单,↘ 降价,-10%,$0.11,无出单，降低无效花费
SL_5_leash for puppy,EXACT,leash for puppy,EXACT,568,3,0,2.97,0.0,,0.0,0.99,0.0,0.06,⚪ 低点击不出单,↘ 降价,-10%,$0.10,无出单，降低无效花费
SL_5_in training leash wrap,Exact,in training leash wrap,EXACT,511,2,0,1.42,0.0,,0.0,0.71,0.0,0.03,⚪ 低点击不出单,↘ 降价,-10%,$0.07,无出单，降低无效花费
SL_5_fida slip leads for dogs,Exact,fida slip leads for dogs,EXACT,125,0,0,0.0,0.0,,,,0.0,0.0,— 无点击,观察,0%,$0.00,无流量，检查出价是否过低
SL_5_fenrir slip lead,EXACT,fenrir slip lead,EXACT,804,4,0,3.2,0.0,,0.0,0.8,0.0,0.07,⚪ 低点击不出单,↘ 降价,-10%,$0.08,无出单，降低无效花费
SL_5_dog walking leash,EXACT,dog walking leash,EXACT,532,6,0,5.34,0.0,,0.0,0.89,0.0,0.12,⚪ 低点击不出单,↘ 降价,-10%,$0.09,无出单，降低无效花费
SL_5_dog training leash slip lead,精准,dog training leash slip lead,EXACT,51,0,0,0.0,0.0,,,,0.0,0.0,— 无点击,观察,0%,$0.00,无流量，检查出价是否过低
SL_5_dog training leash no pull_FX_0925,精准,dog training leash no pull,EXACT,172,0,0,0.0,0.0,,,,0.0,0.0,— 无点击,观察,0%,$0.00,无流量，检查出价是否过低
SL_B00074L4RW_24V_精准VH_DW_捡漏,B00074L4Y0_22V,"asin=""B0009X49KU""",-,1,0,0,0.0,0.0,,,,0.0,0.0,— 无点击,观察,0%,$0.00,无流量，检查出价是否过低
SL_B00074L4RW_24V_精准VH_DW_捡漏,B00074L4Y0_22V,"asin=""B00074L4ZE""",-,1,0,0,0.0,0.0,,,,0.0,0.0,— 无点击,观察,0%,$0.00,无流量，检查出价是否过低
SL_B00074L4RW_24V_精准VH_DW_捡漏,B00074L4Y0_22V,"asin=""B00074L4Y0""",-,0,0,0,0.0,0.0,,,,0.0,0.0,— 无点击,观察,0%,$0.00,无流量，检查出价是否过低
SL_B00074L4RW_24V_精准VH_DW_捡漏,B00074L4Y0_22V,"asin=""B00074L4UO""",-,36,0,0,0.0,0.0,,,,0.0,0.0,— 无点击,观察,0%,$0.00,无流量，检查出价是否过低
SL_B00074L4RW_24V_精准VH_DW_捡漏,B00074L4Y0_22V,"asin=""B00074L4O0""",-,7,0,0,0.0,0.0,,,,0.0,0.0,— 无点击,观察,0%,$0.00,无流量，检查出价是否过低
SL_B00074L4RW_24V_精准VH_DW_捡漏,B00074L4Y0_22V,"asin=""B0006TQU6I""",-,18,0,0,0.0,0.0,,,,0.0,0.0,— 无点击,观察,0%,$0.00,无流量，检查出价是否过低
SL_B00074L4RW_24V_精准VH_DW_捡漏,B00074L4RW_2V,"asin=""B00074L4W2""",-,4,0,0,0.0,0.0,,,,0.0,0.0,— 无点击,观察,0%,$0.00,无流量，检查出价是否过低
SL_B00074L4RW_24V_精准VH_DW_捡漏,B00074L4RW_2V,"asin=""B00074L4RW""",-,36,0,0,0.0,0.0,,,,0.0,0.0,— 无点击,观察,0%,$0.00,无流量，检查出价是否过低
SL_Auto_旧_递增预算_0316,P绳自动2,substitutes,-,24140,27,0,9.95,0.0,,0.0,0.37,0.0,0.22,🔴 高点击不出单,⛔ 大幅降价/暂停,-20%,$0.07,已积累27次点击仍无出单，转化严重不足
SL_Auto_旧_递增预算_0316,P绳自动2,complements,-,0,0,0,0.0,0.0,,,,0.0,0.0,— 无点击,观察,0%,$0.00,无流量，检查出价是否过低
SL_Auto_旧_递增预算_0316,P绳自动2,close-match,-,318,0,0,0.0,0.0,,,,0.0,0.0,— 无点击,观察,0%,$0.00,无流量，检查出价是否过低
SL_5_walking leash for dogs that pull,Exact,walking leash for dogs that pull,EXACT,141,0,0,0.0,0.0,,,,0.0,0.0,— 无点击,观察,0%,$0.00,无流量，检查出价是否过低
SL_5_training leash for large dogs,精准,training leash for large dogs,EXACT,57,1,0,1.04,0.0,,0.0,1.04,0.0,0.02,⚪ 低点击不出单,↘ 降价,-10%,$0.10,无出单，降低无效花费
SL_5_thin slip leads for dogs,精准,thin slip leads for dogs,EXACT,784,2,0,1.87,0.0,,0.0,0.94,0.0,0.04,⚪ 低点击不出单,↘ 降价,-10%,$0.09,无出单，降低无效花费
SL_5_tab leash,Exact,tab leash,EXACT,321,0,0,0.0,0.0,,,,0.0,0.0,— 无点击,观察,0%,$0.00,无流量，检查出价是否过低
SL_5_sog leash,EXACT,sog leash,EXACT,91,0,0,0.0,0.0,,,,0.0,0.0,— 无点击,观察,0%,$0.00,无流量，检查出价是否过低
SL_0_合集_* slip lead *_4_DW,精准_34,thin slip leads for small dogs,EXACT,53,0,0,0.0,0.0,,,,0.0,0.0,— 无点击,观察,0%,$0.00,无流量，检查出价是否过低
SL_0_合集_* slip lead *_4_DW,精准_34,thin slip leads for dogs training,EXACT,27,1,0,0.77,0.0,,0.0,0.77,0.0,0.02,⚪ 低点击不出单,↘ 降价,-10%,$0.08,无出单，降低无效花费
SL_0_合集_* slip lead *_4_DW,精准_34,thin slip leads for dogs 4ft,EXACT,5,0,0,0.0,0.0,,,,0.0,0.0,— 无点击,观察,0%,$0.00,无流量，检查出价是否过低
SL_0_合集_* slip lead *_4_DW,精准_34,skinny slip leads for dogs,EXACT,2,0,0,0.0,0.0,,,,0.0,0.0,— 无点击,观察,0%,$0.00,无流量，检查出价是否过低
SL_0_合集_* slip lead *_4_DW,精准_34,purple slip leads for dogs,EXACT,38,0,0,0.0,0.0,,,,0.0,0.0,— 无点击,观察,0%,$0.00,无流量，检查出价是否过低
SL_0_合集_* slip lead *_4_DW,精准_34,paracord slip leads for dogs,EXACT,8,0,0,0.0,0.0,,,,0.0,0.0,— 无点击,观察,0%,$0.00,无流量，检查出价是否过低
SL_0_合集_* slip lead *_4_DW,精准_34,nca slip leads for dogs,EXACT,70,3,0,2.88,0.0,,0.0,0.96,0.0,0.06,⚪ 低点击不出单,↘ 降价,-10%,$0.10,无出单，降低无效花费
SL_0_合集_* slip lead *_4_DW,精准_34,heydoggy slip leads for dogs,EXACT,0,0,0,0.0,0.0,,,,0.0,0.0,— 无点击,观察,0%,$0.00,无流量，检查出价是否过低
SL_B000A6BD5K_4V_精准_H,B000A6BD5K_4V,"asin=""B0F9KNZK43""",-,1,0,0,0.0,0.0,,,,0.0,0.0,— 无点击,观察,0%,$0.00,无流量，检查出价是否过低
SL_B000A6BD5K_4V_精准_H,B000A6BD5K_4V,"asin=""B000A6BD5U""",-,249,2,0,0.8400000000000001,0.0,,0.0,0.42,0.0,0.02,⚪ 低点击不出单,↘ 降价,-10%,$0.04,无出单，降低无效花费
SL_B000A6BD5K_4V_精准_H,B000A6BD5K_4V,"asin=""B000A6BD5K""",-,52,1,0,0.39,0.0,,0.0,0.39,0.0,0.01,⚪ 低点击不出单,↘ 降价,-10%,$0.04,无出单，降低无效花费
SL_B00074L4RW_24V_精准VH_DW_捡漏,B00074L4Y0_22V,"asin=""B0C4M1KC18""",-,0,0,0,0.0,0.0,,,,0.0,0.0,— 无点击,观察,0%,$0.00,无流量，检查出价是否过低
SL_B00074L4RW_24V_精准VH_DW_捡漏,B00074L4Y0_22V,"asin=""B00Z9I0VC0""",-,0,0,0,0.0,0.0,,,,0.0,0.0,— 无点击,观察,0%,$0.00,无流量，检查出价是否过低
SL_B00074L4RW_24V_精准VH_DW_捡漏,B00074L4Y0_22V,"asin=""B00Z9HZ6LM""",-,3,0,0,0.0,0.0,,,,0.0,0.0,— 无点击,观察,0%,$0.00,无流量，检查出价是否过低
SL_B00074L4RW_24V_精准VH_DW_捡漏,B00074L4Y0_22V,"asin=""B007B2SY2Q""",-,0,0,0,0.0,0.0,,,,0.0,0.0,— 无点击,观察,0%,$0.00,无流量，检查出价是否过低
SL_B00074L4RW_24V_精准VH_DW_捡漏,B00074L4Y0_22V,"asin=""B007B2SXSQ""",-,1,0,0,0.0,0.0,,,,0.0,0.0,— 无点击,观察,0%,$0.00,无流量，检查出价是否过低
SL_B000OGRDQ4_18V_精准_VH,B000A7NONI_13V,"asin=""B000OGPC5I""",-,76,1,0,0.87,0.0,,0.0,0.87,0.0,0.02,⚪ 低点击不出单,↘ 降价,-10%,$0.09,无出单，降低无效花费
SL_B000OGRDQ4_18V_精准_VH,B000A7NONI_13V,"asin=""B000OGP9WE""",-,8,0,0,0.0,0.0,,,,0.0,0.0,— 无点击,观察,0%,$0.00,无流量，检查出价是否过低
SL_B000OGRDQ4_18V_精准_VH,B000A7NONI_13V,"asin=""B000OGP8OI""",-,98,0,0,0.0,0.0,,,,0.0,0.0,— 无点击,观察,0%,$0.00,无流量，检查出价是否过低
SL_B000OGRDQ4_18V_精准_VH,B000A7NONI_13V,"asin=""B000H5B5IO""",-,37,2,0,1.22,0.0,,0.0,0.61,0.0,0.03,⚪ 低点击不出单,↘ 降价,-10%,$0.06,无出单，降低无效花费
SL_B000OGRDQ4_18V_精准_VH,B000A7NONI_13V,"asin=""B000H57OHU""",-,35,1,0,0.89,0.0,,0.0,0.89,0.0,0.02,⚪ 低点击不出单,↘ 降价,-10%,$0.09,无出单，降低无效花费
SL_B000OGRDQ4_18V_精准_VH,B000A7NONI_13V,"asin=""B000A7OOAA""",-,0,0,0,0.0,0.0,,,,0.0,0.0,— 无点击,观察,0%,$0.00,无流量，检查出价是否过低
SL_B000OGRDQ4_18V_精准_VH,B000A7NONI_13V,"asin=""B000A7NONI""",-,23,0,0,0.0,0.0,,,,0.0,0.0,— 无点击,观察,0%,$0.00,无流量，检查出价是否过低
SL_B000A6BD5K_4V_精准_H,B000A6BD5K_4V,"asin=""B0FD7RTFWM""",-,0,0,0,0.0,0.0,,,,0.0,0.0,— 无点击,观察,0%,$0.00,无流量，检查出价是否过低
SL_0_合集_* slip lead_1,精准_10,nylon slip leads,EXACT,222,0,0,0.0,0.0,,,,0.0,0.0,— 无点击,观察,0%,$0.00,无流量，检查出价是否过低
SL_0_合集_* slip lead_1,精准_10,nylon slip lead,EXACT,2,0,0,0.0,0.0,,,,0.0,0.0,— 无点击,观察,0%,$0.00,无流量，检查出价是否过低
SL_0_合集_* slip lead_1,精准_10,locking slip lead,EXACT,77,2,0,2.25,0.0,,0.0,1.12,0.0,0.05,⚪ 低点击不出单,↘ 降价,-10%,$0.11,无出单，降低无效花费
SL_0_合集_* slip lead_1,精准_10,dog show slip lead,EXACT,198,1,0,1.36,0.0,,0.0,1.36,0.0,0.03,⚪ 低点击不出单,↘ 降价,-10%,$0.14,无出单，降低无效花费
SL_0_合集_* slip lead_1,精准_10,4ft slip lead,EXACT,161,2,0,2.67,0.0,,0.0,1.34,0.0,0.06,⚪ 低点击不出单,↘ 降价,-10%,$0.13,无出单，降低无效花费
SL_0_合集_* slip lead_1,精准_10,1 4 in slip lead,EXACT,25,1,0,0.91,0.0,,0.0,0.91,0.0,0.02,⚪ 低点击不出单,↘ 降价,-10%,$0.09,无出单，降低无效花费
SL_0_合集_* slip lead *_4_DW,精准_34,yellow slip leads for dogs,EXACT,36,0,0,0.0,0.0,,,,0.0,0.0,— 无点击,观察,0%,$0.00,无流量，检查出价是否过低
SL_0_合集_* slip lead *_4_DW,精准_34,training slip lead for puppies,EXACT,22,0,0,0.0,0.0,,,,0.0,0.0,— 无点击,观察,0%,$0.00,无流量，检查出价是否过低
SL_B00ZBY7PS0_2V_精准_VL_重点Hypeety,B00ZBY7PS0_2V,"asin=""B07DVZ1L9Y""",-,10,0,0,0.0,0.0,,,,0.0,0.0,— 无点击,观察,0%,$0.00,无流量，检查出价是否过低
SL_B00ZBY7PS0_2V_精准_VL_重点Hypeety,B00ZBY7PS0_2V,"asin=""B00ZBY7PS0""",-,517,16,0,14.8,0.0,,0.0,0.92,0.0,0.32,🔴 高点击不出单,⛔ 大幅降价/暂停,-20%,$0.19,已积累16次点击仍无出单，转化严重不足
SL_B0041KRUIK_5V_精准_M,B0041KRUIK_5V,"asin=""B00V52NC1G""",-,0,0,0,0.0,0.0,,,,0.0,0.0,— 无点击,观察,0%,$0.00,无流量，检查出价是否过低
SL_B0041KRUIK_5V_精准_M,B0041KRUIK_5V,"asin=""B00CHRZAXG""",-,146,1,0,0.9,0.0,,0.0,0.9,0.0,0.02,⚪ 低点击不出单,↘ 降价,-10%,$0.09,无出单，降低无效花费
SL_B0041KRUIK_5V_精准_M,B0041KRUIK_5V,"asin=""B005Q9XU84""",-,0,0,0,0.0,0.0,,,,0.0,0.0,— 无点击,观察,0%,$0.00,无流量，检查出价是否过低
SL_B0041KRUIK_5V_精准_M,B0041KRUIK_5V,"asin=""B0002AQWHI""",-,2,0,0,0.0,0.0,,,,0.0,0.0,— 无点击,观察,0%,$0.00,无流量，检查出价是否过低
SL_B001B15XJA_1V_精准VL_UD,B001B15XJA_1V,"asin=""B001B15XJA""",-,96,1,0,1.36,0.0,,0.0,1.36,0.0,0.03,⚪ 低点击不出单,↘ 降价,-10%,$0.14,无出单，降低无效花费
SL_B000OGRDQ4_18V_精准_VH,B000OGRDQ4_5V,"asin=""B006QLKAJI""",-,81,1,0,0.61,0.0,,0.0,0.61,0.0,0.01,⚪ 低点击不出单,↘ 降价,-10%,$0.06,无出单，降低无效花费
SL_B000OGRDQ4_18V_精准_VH,B000OGRDQ4_5V,"asin=""B000OGRDQ4""",-,233,2,0,1.14,0.0,,0.0,0.57,0.0,0.02,⚪ 低点击不出单,↘ 降价,-10%,$0.06,无出单，降低无效花费
SL_B000OGRDQ4_18V_精准_VH,B000OGRDQ4_5V,"asin=""B000OGLI60""",-,645,9,0,7.5,0.0,,0.0,0.83,0.0,0.16,🔴 高点击不出单,⛔ 大幅降价/暂停,-20%,$0.17,已积累9次点击仍无出单，转化严重不足
SL_B000OGRDQ4_18V_精准_VH,B000OGRDQ4_5V,"asin=""B000H594RS""",-,238,5,0,3.65,0.0,,0.0,0.73,0.0,0.08,⚪ 低点击不出单,↘ 降价,-10%,$0.07,无出单，降低无效花费
SL_B000OGRDQ4_18V_精准_VH,B000A7NONI_13V,"asin=""B014N44RMK""",-,42,1,0,0.56,0.0,,0.0,0.56,0.0,0.01,⚪ 低点击不出单,↘ 降价,-10%,$0.06,无出单，降低无效花费
SL_B000OGRDQ4_18V_精准_VH,B000A7NONI_13V,"asin=""B014N44P8Q""",-,13,0,0,0.0,0.0,,,,0.0,0.0,— 无点击,观察,0%,$0.00,无流量，检查出价是否过低
SL_B000OGRDQ4_18V_精准_VH,B000A7NONI_13V,"asin=""B0071ADL6W""",-,4,0,0,0.0,0.0,,,,0.0,0.0,— 无点击,观察,0%,$0.00,无流量，检查出价是否过低
SL_B000OGRDQ4_18V_精准_VH,B000A7NONI_13V,"asin=""B000OGRDU0""",-,13,0,0,0.0,0.0,,,,0.0,0.0,— 无点击,观察,0%,$0.00,无流量，检查出价是否过低
SL_B000OGRDQ4_18V_精准_VH,B000A7NONI_13V,"asin=""B000OGRA9O""",-,25,0,0,0.0,0.0,,,,0.0,0.0,— 无点击,观察,0%,$0.00,无流量，检查出价是否过低
SL_B07458JBJD_7V_精准_VL,B07458JBJD_7V,"asin=""B08535BBJ8""",-,0,0,0,0.0,0.0,,,,0.0,0.0,— 无点击,观察,0%,$0.00,无流量，检查出价是否过低
SL_B07458JBJD_7V_精准_VL,B07458JBJD_7V,"asin=""B07Y7S61J7""",-,6,0,0,0.0,0.0,,,,0.0,0.0,— 无点击,观察,0%,$0.00,无流量，检查出价是否过低
SL_B07458JBJD_7V_精准_VL,B07458JBJD_7V,"asin=""B074582HHZ""",-,0,0,0,0.0,0.0,,,,0.0,0.0,— 无点击,观察,0%,$0.00,无流量，检查出价是否过低
SL_B07458JBJD_7V_精准_VL,B07458JBJD_7V,"asin=""B0745566WC""",-,329,3,0,3.23,0.0,,0.0,1.08,0.0,0.07,⚪ 低点击不出单,↘ 降价,-10%,$0.11,无出单，降低无效花费
SL_B01L4TERZY_9V_精准_H,B01L4TERZY_9V,"asin=""B07KWRMLQH""",-,13,0,0,0.0,0.0,,,,0.0,0.0,— 无点击,观察,0%,$0.00,无流量，检查出价是否过低
SL_B01L4TERZY_9V_精准_H,B01L4TERZY_9V,"asin=""B07FPFCTRZ""",-,23,0,0,0.0,0.0,,,,0.0,0.0,— 无点击,观察,0%,$0.00,无流量，检查出价是否过低
SL_B01L4TERZY_9V_精准_H,B01L4TERZY_9V,"asin=""B07FPBRR8S""",-,0,0,0,0.0,0.0,,,,0.0,0.0,— 无点击,观察,0%,$0.00,无流量，检查出价是否过低
SL_B01L4TERZY_9V_精准_H,B01L4TERZY_9V,"asin=""B07FP4CR34""",-,28,0,0,0.0,0.0,,,,0.0,0.0,— 无点击,观察,0%,$0.00,无流量，检查出价是否过低
SL_B01L4TERZY_9V_精准_H,B01L4TERZY_9V,"asin=""B07B2QHT9N""",-,5,0,0,0.0,0.0,,,,0.0,0.0,— 无点击,观察,0%,$0.00,无流量，检查出价是否过低
SL_B01L4TERZY_9V_精准_H,B01L4TERZY_9V,"asin=""B072144JB1""",-,24,1,0,0.83,0.0,,0.0,0.83,0.0,0.02,⚪ 低点击不出单,↘ 降价,-10%,$0.08,无出单，降低无效花费
SL_B01L4TERZY_9V_精准_H,B01L4TERZY_9V,"asin=""B01L4TERZY""",-,34,0,0,0.0,0.0,,,,0.0,0.0,— 无点击,观察,0%,$0.00,无流量，检查出价是否过低
SL_B01L4TERZY_9V_精准_H,B01L4TERZY_9V,"asin=""B01G3PM9Z4""",-,10,0,0,0.0,0.0,,,,0.0,0.0,— 无点击,观察,0%,$0.00,无流量，检查出价是否过低
SL_B01L4TERZY_9V_精准_H,B01L4TERZY_9V,"asin=""B01AAATF3C""",-,14,0,0,0.0,0.0,,,,0.0,0.0,— 无点击,观察,0%,$0.00,无流量，检查出价是否过低
SL_B01IJ7U9U6_1V_精准_VL,B01IJ7U9U6_1V,"asin=""B01IJ7U9U6""",-,44,1,0,1.05,0.0,,0.0,1.05,0.0,0.02,⚪ 低点击不出单,↘ 降价,-10%,$0.11,无出单，降低无效花费
SL_B01BTD24P0_2V_精准_VL,B01BTD24P0_2V,"asin=""B01BTD24P0""",-,3,0,0,0.0,0.0,,,,0.0,0.0,— 无点击,观察,0%,$0.00,无流量，检查出价是否过低
SL_B01BTD24P0_2V_精准_VL,B01BTD24P0_2V,"asin=""B01BTD23YW""",-,1,0,0,0.0,0.0,,,,0.0,0.0,— 无点击,观察,0%,$0.00,无流量，检查出价是否过低
SL_B07RN98YBD_3V_精准VL_UD,B07RN98YBD_3V,"asin=""B07RTMP55W""",-,63,0,0,0.0,0.0,,,,0.0,0.0,— 无点击,观察,0%,$0.00,无流量，检查出价是否过低
SL_B07RN98YBD_3V_精准VL_UD,B07RN98YBD_3V,"asin=""B07RSGRVG4""",-,0,0,0,0.0,0.0,,,,0.0,0.0,— 无点击,观察,0%,$0.00,无流量，检查出价是否过低
SL_B07RN98YBD_3V_精准VL_UD,B07RN98YBD_3V,"asin=""B07RN98YBD""",-,19,0,0,0.0,0.0,,,,0.0,0.0,— 无点击,观察,0%,$0.00,无流量，检查出价是否过低
SL_B07PKGSM95_6V_精准H_重点iYoShop_FX_0316(没落),B07PKGSM95_1V,"asin=""B07PKGSM95""",-,3040,48,0,41.02,0.0,,0.0,0.85,0.0,0.9,🔴 高点击不出单,⛔ 大幅降价/暂停,-20%,$0.17,已积累48次点击仍无出单，转化严重不足
SL_B07PKGSM95_6V_精准H_重点iYoShop_FX_0316(没落),B07B2CZZ8Y_5V,"asin=""B07CVB1TVQ""",-,0,0,0,0.0,0.0,,,,0.0,0.0,— 无点击,观察,0%,$0.00,无流量，检查出价是否过低
SL_B07PKGSM95_6V_精准H_重点iYoShop_FX_0316(没落),B07B2CZZ8Y_5V,"asin=""B07B2CZZ8Y""",-,40,0,0,0.0,0.0,,,,0.0,0.0,— 无点击,观察,0%,$0.00,无流量，检查出价是否过低
SL_B07PKGSM95_6V_精准H_重点iYoShop_FX_0316(没落),B07B2CZZ8Y_5V,"asin=""B078J3PM7F""",-,0,0,0,0.0,0.0,,,,0.0,0.0,— 无点击,观察,0%,$0.00,无流量，检查出价是否过低
SL_B079DLRVBX_10V_精准H_重点Cesar Millan_DW_0316,B07BF25WFJ_3V,"asin=""B08LZNXK49""",-,54,0,0,0.0,0.0,,,,0.0,0.0,— 无点击,观察,0%,$0.00,无流量，检查出价是否过低
SL_B079DLRVBX_10V_精准H_重点Cesar Millan_DW_0316,B079DLRVBX_7V,"asin=""B08LZRR8BF""",-,2,0,0,0.0,0.0,,,,0.0,0.0,— 无点击,观察,0%,$0.00,无流量，检查出价是否过低
SL_B079DLRVBX_10V_精准H_重点Cesar Millan_DW_0316,B079DLRVBX_7V,"asin=""B079DM3H4S""",-,200,2,0,1.76,0.0,,0.0,0.88,0.0,0.04,⚪ 低点击不出单,↘ 降价,-10%,$0.09,无出单，降低无效花费
SL_B079DLRVBX_10V_精准H_重点Cesar Millan_DW_0316,B079DLRVBX_7V,"asin=""B079DLRVBX""",-,14,0,0,0.0,0.0,,,,0.0,0.0,— 无点击,观察,0%,$0.00,无流量，检查出价是否过低
SL_B078WQDYPS_5V_精准_M,B078WQDYPS_5V,"asin=""B0CGNNB1CF""",-,25,0,0,0.0,0.0,,,,0.0,0.0,— 无点击,观察,0%,$0.00,无流量，检查出价是否过低
SL_B078WQDYPS_5V_精准_M,B078WQDYPS_5V,"asin=""B0BYK787PY""",-,62,1,0,0.99,0.0,,0.0,0.99,0.0,0.02,⚪ 低点击不出单,↘ 降价,-10%,$0.10,无出单，降低无效花费
SL_B078WQDYPS_5V_精准_M,B078WQDYPS_5V,"asin=""B07RCY5NMN""",-,19,0,0,0.0,0.0,,,,0.0,0.0,— 无点击,观察,0%,$0.00,无流量，检查出价是否过低
SL_B07458JBJD_7V_精准_VL,B07458JBJD_7V,"asin=""B0FQ2C3M4D""",-,22,0,0,0.0,0.0,,,,0.0,0.0,— 无点击,观察,0%,$0.00,无流量，检查出价是否过低
SL_B07458JBJD_7V_精准_VL,B07458JBJD_7V,"asin=""B0B4FZ9Z2Q""",-,1,0,0,0.0,0.0,,,,0.0,0.0,— 无点击,观察,0%,$0.00,无流量，检查出价是否过低
SL_B08574XLL8_18V_精准VH_0401,B0C2PTDDHD_12V,"asin=""B0C2PVWGFQ""",-,41,1,0,0.9,0.0,,0.0,0.9,0.0,0.02,⚪ 低点击不出单,↘ 降价,-10%,$0.09,无出单，降低无效花费
SL_B08574XLL8_18V_精准VH_0401,B0C2PTDDHD_12V,"asin=""B0C2PTDDHD""",-,32,3,0,2.7800000000000002,0.0,,0.0,0.93,0.0,0.06,⚪ 低点击不出单,↘ 降价,-10%,$0.09,无出单，降低无效花费
SL_B08574XLL8_18V_精准VH_0401,B0C2PTDDHD_12V,"asin=""B096DNJWTM""",-,0,0,0,0.0,0.0,,,,0.0,0.0,— 无点击,观察,0%,$0.00,无流量，检查出价是否过低
SL_B08574XLL8_18V_精准VH_0401,B0C2PTDDHD_12V,"asin=""B08G116JDK""",-,2,0,0,0.0,0.0,,,,0.0,0.0,— 无点击,观察,0%,$0.00,无流量，检查出价是否过低
SL_B08574XLL8_18V_精准VH_0401,B0C2PTDDHD_12V,"asin=""B087TM8G8B""",-,1,0,0,0.0,0.0,,,,0.0,0.0,— 无点击,观察,0%,$0.00,无流量，检查出价是否过低
SL_B08574XLL8_18V_精准VH_0401,B0C2PTDDHD_12V,"asin=""B087TFVGJG""",-,11,0,0,0.0,0.0,,,,0.0,0.0,— 无点击,观察,0%,$0.00,无流量，检查出价是否过低
SL_B08574XLL8_18V_精准VH_0401,B0C2PTDDHD_12V,"asin=""B08573BRLS""",-,4,1,0,0.9,0.0,,0.0,0.9,0.0,0.02,⚪ 低点击不出单,↘ 降价,-10%,$0.09,无出单，降低无效花费
SL_B08574XLL8_18V_精准VH_0401,B0C2PTDDHD_12V,"asin=""B085729QK3""",-,4,0,0,0.0,0.0,,,,0.0,0.0,— 无点击,观察,0%,$0.00,无流量，检查出价是否过低
SL_B08574XLL8_18V_精准VH_0401,B08574XLL8_6V,"asin=""B0C2PTSL6H""",-,47,0,0,0.0,0.0,,,,0.0,0.0,— 无点击,观察,0%,$0.00,无流量，检查出价是否过低
SL_B08574XLL8_18V_精准VH_0401,B08574XLL8_6V,"asin=""B087TDYZNR""",-,81,6,0,5.54,0.0,,0.0,0.92,0.0,0.12,⚪ 低点击不出单,↘ 降价,-10%,$0.09,无出单，降低无效花费
SL_B08574XLL8_18V_精准VH_0401,B08574XLL8_6V,"asin=""B08574XLL8""",-,103,4,0,3.7800000000000002,0.0,,0.0,0.94,0.0,0.08,⚪ 低点击不出单,↘ 降价,-10%,$0.09,无出单，降低无效花费
SL_B08574XLL8_18V_精准VH_0401,B08574XLL8_6V,"asin=""B0856ZBQ5C""",-,1,0,0,0.0,0.0,,,,0.0,0.0,— 无点击,观察,0%,$0.00,无流量，检查出价是否过低
SL_B08574XLL8_18V_精准VH_0401,B08574XLL8_6V,"asin=""B0856VP2RB""",-,2,0,0,0.0,0.0,,,,0.0,0.0,— 无点击,观察,0%,$0.00,无流量，检查出价是否过低
SL_B08574XLL8_18V_精准VH_0401,B08574XLL8_6V,"asin=""B0856QB1LX""",-,37,1,0,0.9,0.0,,0.0,0.9,0.0,0.02,⚪ 低点击不出单,↘ 降价,-10%,$0.09,无出单，降低无效花费
SL_B07SH6421X_2V_精准_VL,B07SH6421X_2V,"asin=""B07SH6421X""",-,178,8,0,5.43,0.0,,0.0,0.68,0.0,0.12,⚪ 低点击不出单,↘ 降价,-10%,$0.07,无出单，降低无效花费
SL_B07SH6421X_2V_精准_VL,B07SH6421X_2V,"asin=""B07RDGB8RZ""",-,1,0,0,0.0,0.0,,,,0.0,0.0,— 无点击,观察,0%,$0.00,无流量，检查出价是否过低
SL_B08PBG341W_11V_精准M_重点BTINESFUL_DW,B08GR3W8DL_9V,"asin=""B08Q445DWP""",-,16,0,0,0.0,0.0,,,,0.0,0.0,— 无点击,观察,0%,$0.00,无流量，检查出价是否过低
SL_B08PBG341W_11V_精准M_重点BTINESFUL_DW,B08GR3W8DL_9V,"asin=""B08Q3JSR39""",-,3,0,0,0.0,0.0,,,,0.0,0.0,— 无点击,观察,0%,$0.00,无流量，检查出价是否过低
SL_B08PBG341W_11V_精准M_重点BTINESFUL_DW,B08GR3W8DL_9V,"asin=""B08PBGP4VV""",-,16,0,0,0.0,0.0,,,,0.0,0.0,— 无点击,观察,0%,$0.00,无流量，检查出价是否过低
SL_B08PBG341W_11V_精准M_重点BTINESFUL_DW,B08GR3W8DL_9V,"asin=""B08GS9G9SG""",-,1,0,0,0.0,0.0,,,,0.0,0.0,— 无点击,观察,0%,$0.00,无流量，检查出价是否过低
SL_B08PBG341W_11V_精准M_重点BTINESFUL_DW,B08GR3W8DL_9V,"asin=""B08GRZWKGN""",-,1,0,0,0.0,0.0,,,,0.0,0.0,— 无点击,观察,0%,$0.00,无流量，检查出价是否过低
SL_B08PBG341W_11V_精准M_重点BTINESFUL_DW,B08GR3W8DL_9V,"asin=""B08GR4FPXY""",-,0,0,0,0.0,0.0,,,,0.0,0.0,— 无点击,观察,0%,$0.00,无流量，检查出价是否过低
SL_B08PBG341W_11V_精准M_重点BTINESFUL_DW,B08GR3W8DL_9V,"asin=""B08GR3W8DL""",-,1,0,0,0.0,0.0,,,,0.0,0.0,— 无点击,观察,0%,$0.00,无流量，检查出价是否过低
SL_B08MZJC2FH_4V_精准VL_DW,B08MZJC2FH_4V,"asin=""B08MZK8VWP""",-,4,0,0,0.0,0.0,,,,0.0,0.0,— 无点击,观察,0%,$0.00,无流量，检查出价是否过低
SL_B08MZJC2FH_4V_精准VL_DW,B08MZJC2FH_4V,"asin=""B08MZJXJLR""",-,0,0,0,0.0,0.0,,,,0.0,0.0,— 无点击,观察,0%,$0.00,无流量，检查出价是否过低
SL_B08DCCGNZN_6V_精准VH_重点JEWOSTER_DW-Tos160-Res50_0316,B0C7KFPF8B_5V,"asin=""B0C7KFPF8B""",-,5,0,0,0.0,0.0,,,,0.0,0.0,— 无点击,观察,0%,$0.00,无流量，检查出价是否过低
SL_B08DCCGNZN_6V_精准VH_重点JEWOSTER_DW-Tos160-Res50_0316,B0C7KFPF8B_5V,"asin=""B0C7KDL41P""",-,1,0,0,0.0,0.0,,,,0.0,0.0,— 无点击,观察,0%,$0.00,无流量，检查出价是否过低
SL_B08DCCGNZN_6V_精准VH_重点JEWOSTER_DW-Tos160-Res50_0316,B0C7KFPF8B_5V,"asin=""B07C73ZLW6""",-,2,0,0,0.0,0.0,,,,0.0,0.0,— 无点击,观察,0%,$0.00,无流量，检查出价是否过低
SL_B08574XLL8_18V_精准VH_0401,B0C2PTDDHD_12V,"asin=""B0CLD8KPSM""",-,0,0,0,0.0,0.0,,,,0.0,0.0,— 无点击,观察,0%,$0.00,无流量，检查出价是否过低
SL_B08574XLL8_18V_精准VH_0401,B0C2PTDDHD_12V,"asin=""B0C2PYG7WX""",-,0,0,0,0.0,0.0,,,,0.0,0.0,— 无点击,观察,0%,$0.00,无流量，检查出价是否过低
SL_B08574XLL8_18V_精准VH_0401,B0C2PTDDHD_12V,"asin=""B0C2PW4KZ2""",-,2,0,0,0.0,0.0,,,,0.0,0.0,— 无点击,观察,0%,$0.00,无流量，检查出价是否过低
SL_B08574XLL8_18V_精准VH_0401,B0C2PTDDHD_12V,"asin=""B0C2PW4D6B""",-,2,0,0,0.0,0.0,,,,0.0,0.0,— 无点击,观察,0%,$0.00,无流量，检查出价是否过低
SL_0_合集_* slip lead *_4_DW,精准_34,5ft slip leads for dogs,EXACT,32,1,0,0.93,0.0,,0.0,0.93,0.0,0.02,⚪ 低点击不出单,↘ 降价,-10%,$0.09,无出单，降低无效花费
SL_0_合集_* slip lead *_4_DW,精准_34,3ft slip leads for dogs,EXACT,38,1,0,0.96,0.0,,0.0,0.96,0.0,0.02,⚪ 低点击不出单,↘ 降价,-10%,$0.10,无出单，降低无效花费
SL_0_合集_* slip lead *_4_DW,精准_34,1 4 slip leads for dogs,EXACT,55,2,0,1.81,0.0,,0.0,0.9,0.0,0.04,⚪ 低点击不出单,↘ 降价,-10%,$0.09,无出单，降低无效花费
SL_0_合集_* slip lead *_4_DW,精准_34,1 2 slip leads for dogs,EXACT,6,0,0,0.0,0.0,,,,0.0,0.0,— 无点击,观察,0%,$0.00,无流量，检查出价是否过低
SL_0_合集_* slip lead *_3,精准_21,thin slip lead with stopper,EXACT,3,0,0,0.0,0.0,,,,0.0,0.0,— 无点击,观察,0%,$0.00,无流量，检查出价是否过低
SL_0_合集_* slip lead *_3,精准_21,thin slip lead for dogs,EXACT,13,0,0,0.0,0.0,,,,0.0,0.0,— 无点击,观察,0%,$0.00,无流量，检查出价是否过低
SL_0_合集_* slip lead *_3,精准_21,soft slip leads for dogs,EXACT,17,1,0,0.82,0.0,,0.0,0.82,0.0,0.02,⚪ 低点击不出单,↘ 降价,-10%,$0.08,无出单，降低无效花费
SL_0_合集_* slip lead *_3,精准_21,nose slip leads for dogs,EXACT,12,1,0,0.76,0.0,,0.0,0.76,0.0,0.02,⚪ 低点击不出单,↘ 降价,-10%,$0.08,无出单，降低无效花费
SL_B08R83QWCY_11V_精准L_FX_BeauGo_0316,B08R83QWCY_4V,"asin=""B08R843LP5""",-,21,0,0,0.0,0.0,,,,0.0,0.0,— 无点击,观察,0%,$0.00,无流量，检查出价是否过低
SL_B08R83QWCY_11V_精准L_FX_BeauGo_0316,B08R83QWCY_4V,"asin=""B08R83WL2X""",-,4,0,0,0.0,0.0,,,,0.0,0.0,— 无点击,观察,0%,$0.00,无流量，检查出价是否过低
SL_B08R83QWCY_11V_精准L_FX_BeauGo_0316,B08R83QWCY_4V,"asin=""B08R83QWCY""",-,4,0,0,0.0,0.0,,,,0.0,0.0,— 无点击,观察,0%,$0.00,无流量，检查出价是否过低
SL_B08R83QWCY_11V_精准L_FX_BeauGo_0316,B08R83HNX2_3V,"asin=""B08R83WL2X""",-,8,0,0,0.0,0.0,,,,0.0,0.0,— 无点击,观察,0%,$0.00,无流量，检查出价是否过低
SL_B08R83QWCY_11V_精准L_FX_BeauGo_0316,B08R83HNX2_3V,"asin=""B08R83HNX2""",-,16,1,0,0.92,0.0,,0.0,0.92,0.0,0.02,⚪ 低点击不出单,↘ 降价,-10%,$0.09,无出单，降低无效花费
SL_B08PBG341W_11V_精准M_重点BTINESFUL_DW,B08PBG341W_2V,"asin=""B08GR3RDHV""",-,2,0,0,0.0,0.0,,,,0.0,0.0,— 无点击,观察,0%,$0.00,无流量，检查出价是否过低
SL_B08PBG341W_11V_精准M_重点BTINESFUL_DW,B08GR3W8DL_9V,"asin=""B0D9W1BHMR""",-,16,1,0,0.91,0.0,,0.0,0.91,0.0,0.02,⚪ 低点击不出单,↘ 降价,-10%,$0.09,无出单，降低无效花费
SL_B08PBG341W_11V_精准M_重点BTINESFUL_DW,B08GR3W8DL_9V,"asin=""B0D9VZ9SXH""",-,17,1,0,0.84,0.0,,0.0,0.84,0.0,0.02,⚪ 低点击不出单,↘ 降价,-10%,$0.08,无出单，降低无效花费
SL_B08Y1SDD54_25V_精准VH_重点Fida_DW,B08Y1SDD54_8V,"asin=""B08Y5SBKBG""",-,2,0,0,0.0,0.0,,,,0.0,0.0,— 无点击,观察,0%,$0.00,无流量，检查出价是否过低
SL_B08Y1SDD54_25V_精准VH_重点Fida_DW,B08Y1SDD54_8V,"asin=""B08Y56TX8V""",-,10,0,0,0.0,0.0,,,,0.0,0.0,— 无点击,观察,0%,$0.00,无流量，检查出价是否过低
SL_B08R83QWCY_11V_精准L_FX_BeauGo_0316,B08R83QWCY_4V,"asin=""B08R885DL3""",-,4,1,0,0.92,0.0,,0.0,0.92,0.0,0.02,⚪ 低点击不出单,↘ 降价,-10%,$0.09,无出单，降低无效花费
SL_B08R83QWCY_11V_精准L_FX_BeauGo_0316,B08R83QWCY_4V,"asin=""B08R86GXKY""",-,6,0,0,0.0,0.0,,,,0.0,0.0,— 无点击,观察,0%,$0.00,无流量，检查出价是否过低
SL_B08R83QWCY_11V_精准L_FX_BeauGo_0316,B08R83QWCY_4V,"asin=""B08R864VZ2""",-,10,0,0,0.0,0.0,,,,0.0,0.0,— 无点击,观察,0%,$0.00,无流量，检查出价是否过低
SL_B08R83QWCY_11V_精准L_FX_BeauGo_0316,B08R83QWCY_4V,"asin=""B08R85Y2LL""",-,7,0,0,0.0,0.0,,,,0.0,0.0,— 无点击,观察,0%,$0.00,无流量，检查出价是否过低
SL_B08R83QWCY_11V_精准L_FX_BeauGo_0316,B08R83QWCY_4V,"asin=""B08R85GB65""",-,46,0,0,0.0,0.0,,,,0.0,0.0,— 无点击,观察,0%,$0.00,无流量，检查出价是否过低
SL_B08R83QWCY_11V_精准L_FX_BeauGo_0316,B08R83QWCY_4V,"asin=""B08R85CWF3""",-,2,0,0,0.0,0.0,,,,0.0,0.0,— 无点击,观察,0%,$0.00,无流量，检查出价是否过低
SL_0_合集_* slip lead *_4_DW,精准_34,heavy duty slip leads for dogs,EXACT,58,0,0,0.0,0.0,,,,0.0,0.0,— 无点击,观察,0%,$0.00,无流量，检查出价是否过低
SL_0_合集_* slip lead *_4_DW,精准_34,hands free slip leads for dogs,EXACT,109,7,0,6.3100000000000005,0.0,,0.0,0.9,0.0,0.14,⚪ 低点击不出单,↘ 降价,-10%,$0.09,无出单，降低无效花费
SL_0_合集_* slip lead *_4_DW,精准_34,flat slip leads for dogs,EXACT,22,0,0,0.0,0.0,,,,0.0,0.0,— 无点击,观察,0%,$0.00,无流量，检查出价是否过低
SL_0_合集_* slip lead *_4_DW,精准_34,dog training leash slip lead over nose,EXACT,80,1,0,0.96,0.0,,0.0,0.96,0.0,0.02,⚪ 低点击不出单,↘ 降价,-10%,$0.10,无出单，降低无效花费
SL_0_合集_* slip lead *_4_DW,精准_34,dog slip lead thin,EXACT,33,0,0,0.0,0.0,,,,0.0,0.0,— 无点击,观察,0%,$0.00,无流量，检查出价是否过低
SL_0_合集_* slip lead *_4_DW,精准_34,cesar millan slip leads for dogs,EXACT,18,0,0,0.0,0.0,,,,0.0,0.0,— 无点击,观察,0%,$0.00,无流量，检查出价是否过低
SL_0_合集_* slip lead *_4_DW,精准_34,cesar millan dog training leash slip lead small dogs,EXACT,31,0,0,0.0,0.0,,,,0.0,0.0,— 无点击,观察,0%,$0.00,无流量，检查出价是否过低
SL_0_合集_* slip lead *_4_DW,精准_34,biothane slip leads for dogs,EXACT,348,1,0,1.05,0.0,,0.0,1.05,0.0,0.02,⚪ 低点击不出单,↘ 降价,-10%,$0.11,无出单，降低无效花费
SL_B08Y5JN4X2_8V_精准VL_重点MayPaw_FX,B08Y5JN4X2_8V,"asin=""B08Y5CBZQX""",-,2,0,0,0.0,0.0,,,,0.0,0.0,— 无点击,观察,0%,$0.00,无流量，检查出价是否过低
SL_B08Y5JN4X2_8V_精准VL_重点MayPaw_FX,B08Y5JN4X2_8V,"asin=""B08Y56QWP2""",-,1,0,0,0.0,0.0,,,,0.0,0.0,— 无点击,观察,0%,$0.00,无流量，检查出价是否过低
SL_B08Y5JN4X2_8V_精准VL_重点MayPaw_FX,B08Y5JN4X2_8V,"asin=""B08Y2MMVQF""",-,9,0,0,0.0,0.0,,,,0.0,0.0,— 无点击,观察,0%,$0.00,无流量，检查出价是否过低
SL_B08Y5JN4X2_8V_精准VL_重点MayPaw_FX,B08Y5JN4X2_8V,"asin=""B08Y16ZR6F""",-,19,0,0,0.0,0.0,,,,0.0,0.0,— 无点击,观察,0%,$0.00,无流量，检查出价是否过低
SL_B08Y5JN4X2_8V_精准VL_重点MayPaw_FX,B08Y5JN4X2_8V,"asin=""B08Y15N4TW""",-,1,0,0,0.0,0.0,,,,0.0,0.0,— 无点击,观察,0%,$0.00,无流量，检查出价是否过低
SL_B08Y1SDD54_25V_精准VH_重点Fida_DW,B08Y57ZMC2_17V,"asin=""B0CLNRYFT3""",-,10,1,0,0.97,0.0,,0.0,0.97,0.0,0.02,⚪ 低点击不出单,↘ 降价,-10%,$0.10,无出单，降低无效花费
SL_B08Y1SDD54_25V_精准VH_重点Fida_DW,B08Y57ZMC2_17V,"asin=""B0B8SJ7TGW""",-,31,0,0,0.0,0.0,,,,0.0,0.0,— 无点击,观察,0%,$0.00,无流量，检查出价是否过低
SL_B08Y1SDD54_25V_精准VH_重点Fida_DW,B08Y57ZMC2_17V,"asin=""B09S5N3LG5""",-,7,0,0,0.0,0.0,,,,0.0,0.0,— 无点击,观察,0%,$0.00,无流量，检查出价是否过低
SL_B08Y1SDD54_25V_精准VH_重点Fida_DW,B08Y57ZMC2_17V,"asin=""B09S5M9XLP""",-,22,0,0,0.0,0.0,,,,0.0,0.0,— 无点击,观察,0%,$0.00,无流量，检查出价是否过低
SL_B08Y1SDD54_25V_精准VH_重点Fida_DW,B08Y57ZMC2_17V,"asin=""B09S5H8KFW""",-,8,0,0,0.0,0.0,,,,0.0,0.0,— 无点击,观察,0%,$0.00,无流量，检查出价是否过低
SL_B08Y1SDD54_25V_精准VH_重点Fida_DW,B08Y57ZMC2_17V,"asin=""B09DSMZLF8""",-,14,0,0,0.0,0.0,,,,0.0,0.0,— 无点击,观察,0%,$0.00,无流量，检查出价是否过低
SL_B08Y1SDD54_25V_精准VH_重点Fida_DW,B08Y57ZMC2_17V,"asin=""B09DSL3F9P""",-,0,0,0,0.0,0.0,,,,0.0,0.0,— 无点击,观察,0%,$0.00,无流量，检查出价是否过低
SL_B08Y1SDD54_25V_精准VH_重点Fida_DW,B08Y57ZMC2_17V,"asin=""B08Y57ZMC2""",-,4,0,0,0.0,0.0,,,,0.0,0.0,— 无点击,观察,0%,$0.00,无流量，检查出价是否过低
SL_B08Y1SDD54_25V_精准VH_重点Fida_DW,B08Y57ZMC2_17V,"asin=""B08Y1S5F9N""",-,2,0,0,0.0,0.0,,,,0.0,0.0,— 无点击,观察,0%,$0.00,无流量，检查出价是否过低
SL_B08Y1SDD54_25V_精准VH_重点Fida_DW,B08Y1SDD54_8V,"asin=""B09S5LT7JQ""",-,1,0,0,0.0,0.0,,,,0.0,0.0,— 无点击,观察,0%,$0.00,无流量，检查出价是否过低
SL_B08Y1SDD54_25V_精准VH_重点Fida_DW,B08Y1SDD54_8V,"asin=""B08Y5Z3J61""",-,384,11,0,9.84,0.0,,0.0,0.89,0.0,0.22,🔴 高点击不出单,⛔ 大幅降价/暂停,-20%,$0.18,已积累11次点击仍无出单，转化严重不足
SL_B09231799H_14V_精准_L,B09231799H_6V,"asin=""B0922Z7Y5X""",-,46,3,0,2.95,0.0,,0.0,0.98,0.0,0.06,⚪ 低点击不出单,↘ 降价,-10%,$0.10,无出单，降低无效花费
SL_B09231799H_14V_精准_L,B09231799H_6V,"asin=""B0922YLPXL""",-,1,0,0,0.0,0.0,,,,0.0,0.0,— 无点击,观察,0%,$0.00,无流量，检查出价是否过低
SL_B091TMYKHF_13V_精准H_重点MayPaw_DW,B091TMZ61M_8V,"asin=""B091TNQ9TL""",-,15,3,0,2.6,0.0,,0.0,0.87,0.0,0.06,⚪ 低点击不出单,↘ 降价,-10%,$0.09,无出单，降低无效花费
SL_B091TMYKHF_13V_精准H_重点MayPaw_DW,B091TMZ61M_8V,"asin=""B091TNJS6H""",-,9,0,0,0.0,0.0,,,,0.0,0.0,— 无点击,观察,0%,$0.00,无流量，检查出价是否过低
SL_B091TMYKHF_13V_精准H_重点MayPaw_DW,B091TMZ61M_8V,"asin=""B091TNG1KV""",-,2,0,0,0.0,0.0,,,,0.0,0.0,— 无点击,观察,0%,$0.00,无流量，检查出价是否过低
SL_B091TMYKHF_13V_精准H_重点MayPaw_DW,B091TMZ61M_8V,"asin=""B091TN7922""",-,1,0,0,0.0,0.0,,,,0.0,0.0,— 无点击,观察,0%,$0.00,无流量，检查出价是否过低
SL_B091TMYKHF_13V_精准H_重点MayPaw_DW,B091TMZ61M_8V,"asin=""B091TMZ61M""",-,3,0,0,0.0,0.0,,,,0.0,0.0,— 无点击,观察,0%,$0.00,无流量，检查出价是否过低
SL_B091TMYKHF_13V_精准H_重点MayPaw_DW,B091TMZ61M_8V,"asin=""B091TMK7SY""",-,26,0,0,0.0,0.0,,,,0.0,0.0,— 无点击,观察,0%,$0.00,无流量，检查出价是否过低
SL_B091TMYKHF_13V_精准H_重点MayPaw_DW,B091TMZ61M_8V,"asin=""B091TLBNXJ""",-,68,4,0,4.130000000000001,0.0,,0.0,1.03,0.0,0.09,⚪ 低点击不出单,↘ 降价,-10%,$0.10,无出单，降低无效花费
SL_B091TMYKHF_13V_精准H_重点MayPaw_DW,B091TMYKHF_5V,"asin=""B091TNMD2D""",-,5,0,0,0.0,0.0,,,,0.0,0.0,— 无点击,观察,0%,$0.00,无流量，检查出价是否过低
SL_B091TMYKHF_13V_精准H_重点MayPaw_DW,B091TMYKHF_5V,"asin=""B091TN19LC""",-,8,0,0,0.0,0.0,,,,0.0,0.0,— 无点击,观察,0%,$0.00,无流量，检查出价是否过低
SL_B091TMYKHF_13V_精准H_重点MayPaw_DW,B091TMYKHF_5V,"asin=""B091TMT3GB""",-,22,0,0,0.0,0.0,,,,0.0,0.0,— 无点击,观察,0%,$0.00,无流量，检查出价是否过低
SL_B091TMYKHF_13V_精准H_重点MayPaw_DW,B091TMYKHF_5V,"asin=""B091TMF8K9""",-,32,2,0,1.37,0.0,,0.0,0.68,0.0,0.03,⚪ 低点击不出单,↘ 降价,-10%,$0.07,无出单，降低无效花费
SL_B09198N2NL_1V_精准VL_UD,B09198N2NL_1V,"asin=""B09198N2NL""",-,2,0,0,0.0,0.0,,,,0.0,0.0,— 无点击,观察,0%,$0.00,无流量，检查出价是否过低
SL_B08Y5JN4X2_8V_精准VL_重点MayPaw_FX,B08Y5JN4X2_8V,"asin=""B08Y5PRHB1""",-,1,0,0,0.0,0.0,,,,0.0,0.0,— 无点击,观察,0%,$0.00,无流量，检查出价是否过低
SL_B08Y5JN4X2_8V_精准VL_重点MayPaw_FX,B08Y5JN4X2_8V,"asin=""B08Y5MJH6C""",-,2,0,0,0.0,0.0,,,,0.0,0.0,— 无点击,观察,0%,$0.00,无流量，检查出价是否过低
SL_B095775SWX_25V_精准_M_重点TagME,B0894S61T9_24V,"asin=""B0894THPW2""",-,31,4,0,4.44,0.0,,0.0,1.11,0.0,0.1,⚪ 低点击不出单,↘ 降价,-10%,$0.11,无出单，降低无效花费
SL_B095775SWX_25V_精准_M_重点TagME,B0894S61T9_24V,"asin=""B0894TBDXX""",-,0,0,0,0.0,0.0,,,,0.0,0.0,— 无点击,观察,0%,$0.00,无流量，检查出价是否过低
SL_B095775SWX_25V_精准_M_重点TagME,B0894S61T9_24V,"asin=""B0894T1GKC""",-,6,0,0,0.0,0.0,,,,0.0,0.0,— 无点击,观察,0%,$0.00,无流量，检查出价是否过低
SL_B095775SWX_25V_精准_M_重点TagME,B0894S61T9_24V,"asin=""B0894T15K7""",-,4,0,0,0.0,0.0,,,,0.0,0.0,— 无点击,观察,0%,$0.00,无流量，检查出价是否过低
SL_B095775SWX_25V_精准_M_重点TagME,B0894S61T9_24V,"asin=""B0894S6GKN""",-,5,0,0,0.0,0.0,,,,0.0,0.0,— 无点击,观察,0%,$0.00,无流量，检查出价是否过低
SL_B095775SWX_25V_精准_M_重点TagME,B0894S61T9_24V,"asin=""B0894S61T9""",-,19,0,0,0.0,0.0,,,,0.0,0.0,— 无点击,观察,0%,$0.00,无流量，检查出价是否过低
SL_B094VCWM3Q_4V_精准_VL_重点SEPXUFORE,B094VCWM3Q_4V,"asin=""B094VDBMBV""",-,3,0,0,0.0,0.0,,,,0.0,0.0,— 无点击,观察,0%,$0.00,无流量，检查出价是否过低
SL_B094VCWM3Q_4V_精准_VL_重点SEPXUFORE,B094VCWM3Q_4V,"asin=""B094V584J2""",-,6,0,0,0.0,0.0,,,,0.0,0.0,— 无点击,观察,0%,$0.00,无流量，检查出价是否过低
SL_B094VCWM3Q_4V_精准_VL_重点SEPXUFORE,B094VCWM3Q_4V,"asin=""B094TY223Y""",-,3,1,0,1.14,0.0,,0.0,1.14,0.0,0.02,⚪ 低点击不出单,↘ 降价,-10%,$0.11,无出单，降低无效花费
SL_B09231799H_14V_精准_L,B0CNVC1Z3M_8V,"asin=""B0CNVC1Z3M""",-,7,0,0,0.0,0.0,,,,0.0,0.0,— 无点击,观察,0%,$0.00,无流量，检查出价是否过低
SL_B09231799H_14V_精准_L,B0CNVC1Z3M_8V,"asin=""B0CNVBK27Q""",-,0,0,0,0.0,0.0,,,,0.0,0.0,— 无点击,观察,0%,$0.00,无流量，检查出价是否过低
SL_B09231799H_14V_精准_L,B0CNVC1Z3M_8V,"asin=""B0CNV925TC""",-,4,0,0,0.0,0.0,,,,0.0,0.0,— 无点击,观察,0%,$0.00,无流量，检查出价是否过低
SL_B09231799H_14V_精准_L,B0CNVC1Z3M_8V,"asin=""B09HB4DLXC""",-,0,0,0,0.0,0.0,,,,0.0,0.0,— 无点击,观察,0%,$0.00,无流量，检查出价是否过低
SL_B09231799H_14V_精准_L,B09231799H_6V,"asin=""B09HC5QVW3""",-,3,0,0,0.0,0.0,,,,0.0,0.0,— 无点击,观察,0%,$0.00,无流量，检查出价是否过低
SL_B09231799H_14V_精准_L,B09231799H_6V,"asin=""B09231C3BX""",-,66,5,0,5.57,0.0,,0.0,1.11,0.0,0.12,⚪ 低点击不出单,↘ 降价,-10%,$0.11,无出单，降低无效花费
SL_B09231799H_14V_精准_L,B09231799H_6V,"asin=""B09231799H""",-,170,1,0,1.32,0.0,,0.0,1.32,0.0,0.03,⚪ 低点击不出单,↘ 降价,-10%,$0.13,无出单，降低无效花费
SL_B096TGJZPN_7V_精准_VL,B096TGJZPN_7V,"asin=""B096TFW89P""",-,18,0,0,0.0,0.0,,,,0.0,0.0,— 无点击,观察,0%,$0.00,无流量，检查出价是否过低
SL_B096TGJZPN_7V_精准_VL,B096TGJZPN_7V,"asin=""B096TFMGG4""",-,3,0,0,0.0,0.0,,,,0.0,0.0,— 无点击,观察,0%,$0.00,无流量，检查出价是否过低
SL_B096TGJZPN_7V_精准_VL,B096TGJZPN_7V,"asin=""B096TFFNPC""",-,20,0,0,0.0,0.0,,,,0.0,0.0,— 无点击,观察,0%,$0.00,无流量，检查出价是否过低
SL_B096TGJZPN_7V_精准_VL,B096TGJZPN_7V,"asin=""B096TF25J9""",-,15,1,0,0.9,0.0,,0.0,0.9,0.0,0.02,⚪ 低点击不出单,↘ 降价,-10%,$0.09,无出单，降低无效花费
SL_B096TGJZPN_7V_精准_VL,B096TGJZPN_7V,"asin=""B07RTMPMD3""",-,2,0,0,0.0,0.0,,,,0.0,0.0,— 无点击,观察,0%,$0.00,无流量，检查出价是否过低
SL_B095775SWX_25V_精准_M_重点TagME,B0894S61T9_24V,"asin=""B09577PJ8M""",-,0,0,0,0.0,0.0,,,,0.0,0.0,— 无点击,观察,0%,$0.00,无流量，检查出价是否过低
SL_B095775SWX_25V_精准_M_重点TagME,B0894S61T9_24V,"asin=""B09577H311""",-,2,0,0,0.0,0.0,,,,0.0,0.0,— 无点击,观察,0%,$0.00,无流量，检查出价是否过低
SL_B095775SWX_25V_精准_M_重点TagME,B0894S61T9_24V,"asin=""B09575S4FZ""",-,17,0,0,0.0,0.0,,,,0.0,0.0,— 无点击,观察,0%,$0.00,无流量，检查出价是否过低
SL_B095775SWX_25V_精准_M_重点TagME,B0894S61T9_24V,"asin=""B09575QFF2""",-,3,0,0,0.0,0.0,,,,0.0,0.0,— 无点击,观察,0%,$0.00,无流量，检查出价是否过低
SL_B095775SWX_25V_精准_M_重点TagME,B0894S61T9_24V,"asin=""B0894W9G8D""",-,1,0,0,0.0,0.0,,,,0.0,0.0,— 无点击,观察,0%,$0.00,无流量，检查出价是否过低
SL_B095775SWX_25V_精准_M_重点TagME,B0894S61T9_24V,"asin=""B0894VTD64""",-,12,0,0,0.0,0.0,,,,0.0,0.0,— 无点击,观察,0%,$0.00,无流量，检查出价是否过低
SL_B095775SWX_25V_精准_M_重点TagME,B0894S61T9_24V,"asin=""B0894VDDJB""",-,75,1,0,0.78,0.0,,0.0,0.78,0.0,0.02,⚪ 低点击不出单,↘ 降价,-10%,$0.08,无出单，降低无效花费
SL_B095775SWX_25V_精准_M_重点TagME,B0894S61T9_24V,"asin=""B0894V6NSM""",-,2,0,0,0.0,0.0,,,,0.0,0.0,— 无点击,观察,0%,$0.00,无流量，检查出价是否过低
SL_B095775SWX_25V_精准_M_重点TagME,B0894S61T9_24V,"asin=""B0894V1ST1""",-,1,0,0,0.0,0.0,,,,0.0,0.0,— 无点击,观察,0%,$0.00,无流量，检查出价是否过低
SL_B095775SWX_25V_精准_M_重点TagME,B0894S61T9_24V,"asin=""B0894TXLNW""",-,20,0,0,0.0,0.0,,,,0.0,0.0,— 无点击,观察,0%,$0.00,无流量，检查出价是否过低
SL_B095775SWX_25V_精准_M_重点TagME,B0894S61T9_24V,"asin=""B0894TJHWF""",-,16,1,0,1.01,0.0,,0.0,1.01,0.0,0.02,⚪ 低点击不出单,↘ 降价,-10%,$0.10,无出单，降低无效花费
SL_B099WM7ZT7_24V_精准VH_重点Taglory_0316,B099WLXLYC_17V,"asin=""B099WLCLWQ""",-,2,0,0,0.0,0.0,,,,0.0,0.0,— 无点击,观察,0%,$0.00,无流量，检查出价是否过低
SL_B099WM7ZT7_24V_精准VH_重点Taglory_0316,B099WLXLYC_17V,"asin=""B099WKT89P""",-,3,0,0,0.0,0.0,,,,0.0,0.0,— 无点击,观察,0%,$0.00,无流量，检查出价是否过低
SL_B099WM7ZT7_24V_精准VH_重点Taglory_0316,B099WLXLYC_17V,"asin=""B099WJQNLQ""",-,1,0,0,0.0,0.0,,,,0.0,0.0,— 无点击,观察,0%,$0.00,无流量，检查出价是否过低
SL_B099WM7ZT7_24V_精准VH_重点Taglory_0316,B099WLXLYC_17V,"asin=""B095CCMB1Q""",-,1,0,0,0.0,0.0,,,,0.0,0.0,— 无点击,观察,0%,$0.00,无流量，检查出价是否过低
SL_B099WM7ZT7_24V_精准VH_重点Taglory_0316,B099WLXLYC_17V,"asin=""B095CBBRXL""",-,48,0,0,0.0,0.0,,,,0.0,0.0,— 无点击,观察,0%,$0.00,无流量，检查出价是否过低
SL_B099WM7ZT7_24V_精准VH_重点Taglory_0316,B099WLXLYC_17V,"asin=""B095CB9R6L""",-,50,3,0,3.76,0.0,,0.0,1.25,0.0,0.08,⚪ 低点击不出单,↘ 降价,-10%,$0.13,无出单，降低无效花费
SL_B099WM7ZT7_24V_精准VH_重点Taglory_0316,B099WLXLYC_17V,"asin=""B095C99JH8""",-,124,2,0,2.34,0.0,,0.0,1.17,0.0,0.05,⚪ 低点击不出单,↘ 降价,-10%,$0.12,无出单，降低无效花费
SL_B099WM7ZT7_24V_精准VH_重点Taglory_0316,B099WLXLYC_17V,"asin=""B095C97G8C""",-,77,3,0,2.11,0.0,,0.0,0.7,0.0,0.05,⚪ 低点击不出单,↘ 降价,-10%,$0.07,无出单，降低无效花费
SL_B099WM7ZT7_24V_精准VH_重点Taglory_0316,B099WLXLYC_17V,"asin=""B095C86JR8""",-,30,1,0,1.19,0.0,,0.0,1.19,0.0,0.03,⚪ 低点击不出单,↘ 降价,-10%,$0.12,无出单，降低无效花费
SL_B099WM7ZT7_24V_精准VH_重点Taglory_0316,B099WLXLYC_17V,"asin=""B08CVH9792""",-,1,0,0,0.0,0.0,,,,0.0,0.0,— 无点击,观察,0%,$0.00,无流量，检查出价是否过低
SL_B099WM7ZT7_24V_精准VH_重点Taglory_0316,B099WLXLYC_17V,"asin=""B08CVH3MWR""",-,10,0,0,0.0,0.0,,,,0.0,0.0,— 无点击,观察,0%,$0.00,无流量，检查出价是否过低
SL_B099WM7ZT7_24V_精准VH_重点Taglory_0316,B099WLXLYC_17V,"asin=""B08CVGXB3H""",-,1,0,0,0.0,0.0,,,,0.0,0.0,— 无点击,观察,0%,$0.00,无流量，检查出价是否过低
SL_B099WM7ZT7_24V_精准VH_重点Taglory_0316,B099WLXLYC_17V,"asin=""B08CVFZVZB""",-,3,0,0,0.0,0.0,,,,0.0,0.0,— 无点击,观察,0%,$0.00,无流量，检查出价是否过低
SL_B099WM7ZT7_24V_精准VH_重点Taglory_0316,B099WLXLYC_17V,"asin=""B08CVFVT51""",-,5,0,0,0.0,0.0,,,,0.0,0.0,— 无点击,观察,0%,$0.00,无流量，检查出价是否过低
SL_B096TGJZPN_7V_精准_VL,B096TGJZPN_7V,"asin=""B096TGJZPN""",-,20,0,0,0.0,0.0,,,,0.0,0.0,— 无点击,观察,0%,$0.00,无流量，检查出价是否过低
SL_B096TGJZPN_7V_精准_VL,B096TGJZPN_7V,"asin=""B096TGB23Z""",-,2,0,0,0.0,0.0,,,,0.0,0.0,— 无点击,观察,0%,$0.00,无流量，检查出价是否过低
SL_B09T3KS313_8V_精准M_重点BOOEUDI_UD_0317提杠杆,B0B8ZFKD9D_7V,"asin=""B0B8ZFKD9D""",-,1,0,0,0.0,0.0,,,,0.0,0.0,— 无点击,观察,0%,$0.00,无流量，检查出价是否过低
SL_B09T3KS313_8V_精准M_重点BOOEUDI_UD_0317提杠杆,B0B8ZFKD9D_7V,"asin=""B0B8ZDF7J7""",-,1,0,0,0.0,0.0,,,,0.0,0.0,— 无点击,观察,0%,$0.00,无流量，检查出价是否过低
SL_B09B9ZBFBM_6V_精准_L,B09B9ZBFBM_6V,"asin=""B09B9ZVBYT""",-,14,0,0,0.0,0.0,,,,0.0,0.0,— 无点击,观察,0%,$0.00,无流量，检查出价是否过低
SL_B09B9ZBFBM_6V_精准_L,B09B9ZBFBM_6V,"asin=""B09B9ZBFBM""",-,50,0,0,0.0,0.0,,,,0.0,0.0,— 无点击,观察,0%,$0.00,无流量，检查出价是否过低
SL_B09B9ZBFBM_6V_精准_L,B09B9ZBFBM_6V,"asin=""B09B9Y4QR2""",-,2,0,0,0.0,0.0,,,,0.0,0.0,— 无点击,观察,0%,$0.00,无流量，检查出价是否过低
SL_B09B9ZBFBM_6V_精准_L,B09B9ZBFBM_6V,"asin=""B09B9XLQDY""",-,5,0,0,0.0,0.0,,,,0.0,0.0,— 无点击,观察,0%,$0.00,无流量，检查出价是否过低
SL_B09B9ZBFBM_6V_精准_L,B09B9ZBFBM_6V,"asin=""B09B9RLGBV""",-,29,0,0,0.0,0.0,,,,0.0,0.0,— 无点击,观察,0%,$0.00,无流量，检查出价是否过低
SL_B099WM7ZT7_24V_精准VH_重点Taglory_0316,B099WM7ZT7_7V,"asin=""B099WNBYYS""",-,115,1,0,1.14,0.0,,0.0,1.14,0.0,0.02,⚪ 低点击不出单,↘ 降价,-10%,$0.11,无出单，降低无效花费
SL_B099WM7ZT7_24V_精准VH_重点Taglory_0316,B099WM7ZT7_7V,"asin=""B099WLZ7PF""",-,277,9,0,10.68,0.0,,0.0,1.19,0.0,0.23,🔴 高点击不出单,⛔ 大幅降价/暂停,-20%,$0.24,已积累9次点击仍无出单，转化严重不足
SL_B099WM7ZT7_24V_精准VH_重点Taglory_0316,B099WM7ZT7_7V,"asin=""B099WLBT81""",-,180,9,0,9.120000000000001,0.0,,0.0,1.01,0.0,0.2,🔴 高点击不出单,⛔ 大幅降价/暂停,-20%,$0.20,已积累9次点击仍无出单，转化严重不足
SL_B099WM7ZT7_24V_精准VH_重点Taglory_0316,B099WM7ZT7_7V,"asin=""B099WL8L1W""",-,207,8,0,8.65,0.0,,0.0,1.08,0.0,0.19,⚪ 低点击不出单,↘ 降价,-10%,$0.11,无出单，降低无效花费
SL_B099WM7ZT7_24V_精准VH_重点Taglory_0316,B099WM7ZT7_7V,"asin=""B099WKSX36""",-,84,3,0,3.1500000000000004,0.0,,0.0,1.05,0.0,0.07,⚪ 低点击不出单,↘ 降价,-10%,$0.11,无出单，降低无效花费
SL_B099WM7ZT7_24V_精准VH_重点Taglory_0316,B099WM7ZT7_7V,"asin=""B095C8RXSH""",-,46,2,0,1.68,0.0,,0.0,0.84,0.0,0.04,⚪ 低点击不出单,↘ 降价,-10%,$0.08,无出单，降低无效花费
SL_B099WM7ZT7_24V_精准VH_重点Taglory_0316,B099WLXLYC_17V,"asin=""B099WNWV4Q""",-,69,3,0,2.25,0.0,,0.0,0.75,0.0,0.05,⚪ 低点击不出单,↘ 降价,-10%,$0.08,无出单，降低无效花费
SL_B099WM7ZT7_24V_精准VH_重点Taglory_0316,B099WLXLYC_17V,"asin=""B099WLXLYC""",-,45,1,0,0.88,0.0,,0.0,0.88,0.0,0.02,⚪ 低点击不出单,↘ 降价,-10%,$0.09,无出单，降低无效花费
SL_B099WM7ZT7_24V_精准VH_重点Taglory_0316,B099WLXLYC_17V,"asin=""B099WLHRYK""",-,25,1,0,0.65,0.0,,0.0,0.65,0.0,0.01,⚪ 低点击不出单,↘ 降价,-10%,$0.07,无出单，降低无效花费
SL_B0B8S7NVMK_4V_精准VL_DW,B0B8S7NVMK_4V,"asin=""B0B8S7NVMK""",-,84,2,0,2.1,0.0,,0.0,1.05,0.0,0.05,⚪ 低点击不出单,↘ 降价,-10%,$0.11,无出单，降低无效花费
SL_B0B12JFZFL_17V_精准L_重点Hiado,B0CHLD5SVC_11V,"asin=""B0D2NGP95D""",-,0,0,0,0.0,0.0,,,,0.0,0.0,— 无点击,观察,0%,$0.00,无流量，检查出价是否过低
SL_B0B12JFZFL_17V_精准L_重点Hiado,B0CHLD5SVC_11V,"asin=""B0D2NFFMKR""",-,0,0,0,0.0,0.0,,,,0.0,0.0,— 无点击,观察,0%,$0.00,无流量，检查出价是否过低
SL_B0B12JFZFL_17V_精准L_重点Hiado,B0CHLD5SVC_11V,"asin=""B0D2NF4MZ8""",-,0,0,0,0.0,0.0,,,,0.0,0.0,— 无点击,观察,0%,$0.00,无流量，检查出价是否过低
SL_B0B12JFZFL_17V_精准L_重点Hiado,B0CHLD5SVC_11V,"asin=""B0D2ND2N5G""",-,0,0,0,0.0,0.0,,,,0.0,0.0,— 无点击,观察,0%,$0.00,无流量，检查出价是否过低
SL_B0B12JFZFL_17V_精准L_重点Hiado,B0CHLD5SVC_11V,"asin=""B0CHLB8BG5""",-,0,0,0,0.0,0.0,,,,0.0,0.0,— 无点击,观察,0%,$0.00,无流量，检查出价是否过低
SL_B0B12JFZFL_17V_精准L_重点Hiado,B0CHLD5SVC_11V,"asin=""B0BN1J7LWF""",-,0,0,0,0.0,0.0,,,,0.0,0.0,— 无点击,观察,0%,$0.00,无流量，检查出价是否过低
SL_B0B12JFZFL_17V_精准L_重点Hiado,B0B12JFZFL_6V,"asin=""B0CRYX1QSM""",-,0,0,0,0.0,0.0,,,,0.0,0.0,— 无点击,观察,0%,$0.00,无流量，检查出价是否过低
SL_B0B12JFZFL_17V_精准L_重点Hiado,B0B12JFZFL_6V,"asin=""B0CHLCNB3K""",-,13,0,0,0.0,0.0,,,,0.0,0.0,— 无点击,观察,0%,$0.00,无流量，检查出价是否过低
SL_B0B12JFZFL_17V_精准L_重点Hiado,B0B12JFZFL_6V,"asin=""B0CHL4JBYZ""",-,7,0,0,0.0,0.0,,,,0.0,0.0,— 无点击,观察,0%,$0.00,无流量，检查出价是否过低
SL_B0B12JFZFL_17V_精准L_重点Hiado,B0B12JFZFL_6V,"asin=""B0B12JFZFL""",-,6,0,0,0.0,0.0,,,,0.0,0.0,— 无点击,观察,0%,$0.00,无流量，检查出价是否过低
SL_B0B12JFZFL_17V_精准L_重点Hiado,B0B12JFZFL_6V,"asin=""B0B12JCXSX""",-,641,16,0,24.96,0.0,,0.0,1.56,0.0,0.55,🔴 高点击不出单,⛔ 大幅降价/暂停,-20%,$0.31,已积累16次点击仍无出单，转化严重不足
SL_B09T3KS313_8V_精准M_重点BOOEUDI_UD_0317提杠杆,B0B8ZFKD9D_7V,"asin=""B0D3V4RBWZ""",-,2,0,0,0.0,0.0,,,,0.0,0.0,— 无点击,观察,0%,$0.00,无流量，检查出价是否过低
SL_B09T3KS313_8V_精准M_重点BOOEUDI_UD_0317提杠杆,B0B8ZFKD9D_7V,"asin=""B0D3V3GZF7""",-,1,0,0,0.0,0.0,,,,0.0,0.0,— 无点击,观察,0%,$0.00,无流量，检查出价是否过低
SL_B09T3KS313_8V_精准M_重点BOOEUDI_UD_0317提杠杆,B0B8ZFKD9D_7V,"asin=""B0B8ZL31FF""",-,4,0,0,0.0,0.0,,,,0.0,0.0,— 无点击,观察,0%,$0.00,无流量，检查出价是否过低
SL_B09T3KS313_8V_精准M_重点BOOEUDI_UD_0317提杠杆,B0B8ZFKD9D_7V,"asin=""B0B8ZGRWRH""",-,6,0,0,0.0,0.0,,,,0.0,0.0,— 无点击,观察,0%,$0.00,无流量，检查出价是否过低
SL_0_合集_* slip lead *_2_0724,精准_20,martingale slip leads for dogs,EXACT,8,0,0,0.0,0.0,,,,0.0,0.0,— 无点击,观察,0%,$0.00,无流量，检查出价是否过低
SL_0_合集_* slip lead *_2_0724,精准_20,leather slip leads for dogs,EXACT,139,0,0,0.0,0.0,,,,0.0,0.0,— 无点击,观察,0%,$0.00,无流量，检查出价是否过低
SL_0_合集_* slip lead *_2_0724,精准_20,black slip leads for dogs,EXACT,18,0,0,0.0,0.0,,,,0.0,0.0,— 无点击,观察,0%,$0.00,无流量，检查出价是否过低
SL_0_合集_* slip lead *_2_0724,精准_20,best slip leads for dogs,EXACT,5,0,0,0.0,0.0,,,,0.0,0.0,— 无点击,观察,0%,$0.00,无流量，检查出价是否过低
SL_0_合集_* slip lead *_2_0724,精准_20,6 ft slip lead dog leash,EXACT,13,0,0,0.0,0.0,,,,0.0,0.0,— 无点击,观察,0%,$0.00,无流量，检查出价是否过低
SL_0_合集_* slip lead *_2_0724,精准_20,4ft slip leads for dogs,EXACT,54,0,0,0.0,0.0,,,,0.0,0.0,— 无点击,观察,0%,$0.00,无流量，检查出价是否过低
SL_0_合集_* slip lead *_2_0724,精准_20,4 ft slip leads for dogs,EXACT,24,0,0,0.0,0.0,,,,0.0,0.0,— 无点击,观察,0%,$0.00,无流量，检查出价是否过低
SL_0_合集_* slip lead *_2_0724,精准_20,4 foot slip leads for dogs,EXACT,20,0,0,0.0,0.0,,,,0.0,0.0,— 无点击,观察,0%,$0.00,无流量，检查出价是否过低
SL_B0B8W5KGD8_11V_精准_L,B0B8W5KGD8_11V,"asin=""B0CCPFCCC4""",-,9,1,0,0.74,0.0,,0.0,0.74,0.0,0.02,⚪ 低点击不出单,↘ 降价,-10%,$0.07,无出单，降低无效花费
SL_B0B8W5KGD8_11V_精准_L,B0B8W5KGD8_11V,"asin=""B0B8W67S4N""",-,89,3,0,2.25,0.0,,0.0,0.75,0.0,0.05,⚪ 低点击不出单,↘ 降价,-10%,$0.08,无出单，降低无效花费
SL_B0B8W5KGD8_11V_精准_L,B0B8W5KGD8_11V,"asin=""B0B8W5KGD8""",-,67,1,0,0.82,0.0,,0.0,0.82,0.0,0.02,⚪ 低点击不出单,↘ 降价,-10%,$0.08,无出单，降低无效花费
SL_B0B8W5KGD8_11V_精准_L,B0B8W5KGD8_11V,"asin=""B0B8W4YXZM""",-,9,0,0,0.0,0.0,,,,0.0,0.0,— 无点击,观察,0%,$0.00,无流量，检查出价是否过低
SL_B0B8W5KGD8_11V_精准_L,B0B8W5KGD8_11V,"asin=""B0B8W2K2QW""",-,24,1,0,0.52,0.0,,0.0,0.52,0.0,0.01,⚪ 低点击不出单,↘ 降价,-10%,$0.05,无出单，降低无效花费
SL_B0B8S7NVMK_4V_精准VL_DW,B0B8S7NVMK_4V,"asin=""B0BRR9C6LH""",-,6,0,0,0.0,0.0,,,,0.0,0.0,— 无点击,观察,0%,$0.00,无流量，检查出价是否过低
SL_B0B8S7NVMK_4V_精准VL_DW,B0B8S7NVMK_4V,"asin=""B0B8S9QXZH""",-,30,3,0,2.88,0.0,,0.0,0.96,0.0,0.06,⚪ 低点击不出单,↘ 降价,-10%,$0.10,无出单，降低无效花费
SL_B0B8S7NVMK_4V_精准VL_DW,B0B8S7NVMK_4V,"asin=""B0B8S7QG4G""",-,8,0,0,0.0,0.0,,,,0.0,0.0,— 无点击,观察,0%,$0.00,无流量，检查出价是否过低
SL_B0BH8XSH1C_12V_精准_VL,B0BH8XSH1C_12V,"asin=""B0BH91KSLY""",-,26,0,0,0.0,0.0,,,,0.0,0.0,— 无点击,观察,0%,$0.00,无流量，检查出价是否过低
SL_B0BH8XSH1C_12V_精准_VL,B0BH8XSH1C_12V,"asin=""B0BH8Y2N66""",-,2,0,0,0.0,0.0,,,,0.0,0.0,— 无点击,观察,0%,$0.00,无流量，检查出价是否过低
SL_B0B8W5KGD8_11V_精准_L,B0B8W5KGD8_11V,"asin=""B0FRYCGX12""",-,22,0,0,0.0,0.0,,,,0.0,0.0,— 无点击,观察,0%,$0.00,无流量，检查出价是否过低
SL_B0B8W5KGD8_11V_精准_L,B0B8W5KGD8_11V,"asin=""B0FRYC9QB6""",-,3,0,0,0.0,0.0,,,,0.0,0.0,— 无点击,观察,0%,$0.00,无流量，检查出价是否过低
SL_B0B8W5KGD8_11V_精准_L,B0B8W5KGD8_11V,"asin=""B0CCPJ2F2Z""",-,12,0,0,0.0,0.0,,,,0.0,0.0,— 无点击,观察,0%,$0.00,无流量，检查出价是否过低
SL_B0B8W5KGD8_11V_精准_L,B0B8W5KGD8_11V,"asin=""B0CCPHLR47""",-,1,0,0,0.0,0.0,,,,0.0,0.0,— 无点击,观察,0%,$0.00,无流量，检查出价是否过低
SL_B0B8W5KGD8_11V_精准_L,B0B8W5KGD8_11V,"asin=""B0CCPGLT9R""",-,1,0,0,0.0,0.0,,,,0.0,0.0,— 无点击,观察,0%,$0.00,无流量，检查出价是否过低
SL_B0B8W5KGD8_11V_精准_L,B0B8W5KGD8_11V,"asin=""B0CCPFRGP3""",-,3,0,0,0.0,0.0,,,,0.0,0.0,— 无点击,观察,0%,$0.00,无流量，检查出价是否过低
SL_0_合集_* slip lead *_3,精准_21,dog slip leads for training,EXACT,72,0,0,0.0,0.0,,,,0.0,0.0,— 无点击,观察,0%,$0.00,无流量，检查出价是否过低
SL_0_合集_* slip lead *_3,精准_21,dog slip lead training leash,EXACT,1,0,0,0.0,0.0,,,,0.0,0.0,— 无点击,观察,0%,$0.00,无流量，检查出价是否过低
SL_0_合集_* slip lead *_3,精准_21,dog slip lead 6ft,EXACT,9,0,0,0.0,0.0,,,,0.0,0.0,— 无点击,观察,0%,$0.00,无流量，检查出价是否过低
SL_0_合集_* slip lead *_3,精准_21,beaugo slip leads for dogs,EXACT,1,0,0,0.0,0.0,,,,0.0,0.0,— 无点击,观察,0%,$0.00,无流量，检查出价是否过低
SL_0_合集_* slip lead *_2_0724,精准_20,small slip leads for dogs,EXACT,10,0,0,0.0,0.0,,,,0.0,0.0,— 无点击,观察,0%,$0.00,无流量，检查出价是否过低
SL_0_合集_* slip lead *_2_0724,精准_20,short slip lead dog leash 3ft,EXACT,46,0,0,0.0,0.0,,,,0.0,0.0,— 无点击,观察,0%,$0.00,无流量，检查出价是否过低
SL_0_合集_* slip lead *_2_0724,精准_20,professional slip leads for dogs,EXACT,3,0,0,0.0,0.0,,,,0.0,0.0,— 无点击,观察,0%,$0.00,无流量，检查出价是否过低
SL_0_合集_* slip lead *_2_0724,精准_20,nylon slip leads for dogs,EXACT,11,0,0,0.0,0.0,,,,0.0,0.0,— 无点击,观察,0%,$0.00,无流量，检查出价是否过低
SL_B0BVJ68P41_25V_精准M_重点Aiminto,B0BVJ68P41_3V,"asin=""B0BVJ68P41""",-,141,1,0,0.64,0.0,,0.0,0.64,0.0,0.01,⚪ 低点击不出单,↘ 降价,-10%,$0.06,无出单，降低无效花费
SL_B0BVJ68P41_25V_精准M_重点Aiminto,B0BVJ3VHVT_15,"asin=""B0CWDK9SMK""",-,0,0,0,0.0,0.0,,,,0.0,0.0,— 无点击,观察,0%,$0.00,无流量，检查出价是否过低
SL_B0BVJ68P41_25V_精准M_重点Aiminto,B0BVJ3VHVT_15,"asin=""B0CWDJVXK2""",-,6,0,0,0.0,0.0,,,,0.0,0.0,— 无点击,观察,0%,$0.00,无流量，检查出价是否过低
SL_B0BVJ68P41_25V_精准M_重点Aiminto,B0BVJ3VHVT_15,"asin=""B0CWDJR152""",-,53,1,0,0.85,0.0,,0.0,0.85,0.0,0.02,⚪ 低点击不出单,↘ 降价,-10%,$0.09,无出单，降低无效花费
SL_B0BVJ68P41_25V_精准M_重点Aiminto,B0BVJ3VHVT_15,"asin=""B0CWDJNYNT""",-,0,0,0,0.0,0.0,,,,0.0,0.0,— 无点击,观察,0%,$0.00,无流量，检查出价是否过低
SL_B0BVJ68P41_25V_精准M_重点Aiminto,B0BVJ3VHVT_15,"asin=""B0CWDJDS8M""",-,11,0,0,0.0,0.0,,,,0.0,0.0,— 无点击,观察,0%,$0.00,无流量，检查出价是否过低
SL_B0BVJ68P41_25V_精准M_重点Aiminto,B0BVJ3VHVT_15,"asin=""B0CWDJ81DC""",-,5,0,0,0.0,0.0,,,,0.0,0.0,— 无点击,观察,0%,$0.00,无流量，检查出价是否过低
SL_B0BVJ68P41_25V_精准M_重点Aiminto,B0BVJ3VHVT_15,"asin=""B0CWDHZSFR""",-,0,0,0,0.0,0.0,,,,0.0,0.0,— 无点击,观察,0%,$0.00,无流量，检查出价是否过低
SL_B0BVJ68P41_25V_精准M_重点Aiminto,B0BVJ3VHVT_15,"asin=""B0CWDHTGY2""",-,4,0,0,0.0,0.0,,,,0.0,0.0,— 无点击,观察,0%,$0.00,无流量，检查出价是否过低
SL_B0BVJ68P41_25V_精准M_重点Aiminto,B0BVJ3VHVT_15,"asin=""B0CWDHLYM1""",-,0,0,0,0.0,0.0,,,,0.0,0.0,— 无点击,观察,0%,$0.00,无流量，检查出价是否过低
SL_B0BVJ68P41_25V_精准M_重点Aiminto,B0BVJ3VHVT_15,"asin=""B0CWDHFSGK""",-,8,0,0,0.0,0.0,,,,0.0,0.0,— 无点击,观察,0%,$0.00,无流量，检查出价是否过低
SL_B0BVJ68P41_25V_精准M_重点Aiminto,B0BVJ3VHVT_15,"asin=""B0CWDH17DP""",-,17,0,0,0.0,0.0,,,,0.0,0.0,— 无点击,观察,0%,$0.00,无流量，检查出价是否过低
SL_B0BVJ68P41_25V_精准M_重点Aiminto,B0BVJ3VHVT_15,"asin=""B0CWDGWX3S""",-,158,3,0,2.58,0.0,,0.0,0.86,0.0,0.06,⚪ 低点击不出单,↘ 降价,-10%,$0.09,无出单，降低无效花费
SL_B0BVJ68P41_25V_精准M_重点Aiminto,B0BVJ3VHVT_15,"asin=""B0BVJ3VHVT""",-,14,0,0,0.0,0.0,,,,0.0,0.0,— 无点击,观察,0%,$0.00,无流量，检查出价是否过低
SL_B0BVJ68P41_25V_精准M_重点Aiminto,B0BVJ3VHVT_15,"asin=""B09YMNRCB7""",-,1,0,0,0.0,0.0,,,,0.0,0.0,— 无点击,观察,0%,$0.00,无流量，检查出价是否过低
SL_B0BH8XSH1C_12V_精准_VL,B0BH8XSH1C_12V,"asin=""B0BH9WC115""",-,1,0,0,0.0,0.0,,,,0.0,0.0,— 无点击,观察,0%,$0.00,无流量，检查出价是否过低
SL_B0BXS3VZVJ_25V_精准_VH,B0BQ28FPZ5_15V,"asin=""B0BXRZZTLS""",-,16,0,0,0.0,0.0,,,,0.0,0.0,— 无点击,观察,0%,$0.00,无流量，检查出价是否过低
SL_B0BXS3VZVJ_25V_精准_VH,B0BQ28FPZ5_15V,"asin=""B0BXRZWGR9""",-,0,0,0,0.0,0.0,,,,0.0,0.0,— 无点击,观察,0%,$0.00,无流量，检查出价是否过低
SL_B0BXS3VZVJ_25V_精准_VH,B0BQ28FPZ5_15V,"asin=""B0BQ28NPPF""",-,29,1,0,0.75,0.0,,0.0,0.75,0.0,0.02,⚪ 低点击不出单,↘ 降价,-10%,$0.08,无出单，降低无效花费
SL_B0BXS3VZVJ_25V_精准_VH,B0BQ28FPZ5_15V,"asin=""B0BQ28FPZ5""",-,46,0,0,0.0,0.0,,,,0.0,0.0,— 无点击,观察,0%,$0.00,无流量，检查出价是否过低
SL_B0BVJ68P41_25V_精准M_重点Aiminto,B0CCMM8F2R_22V,"asin=""B0CCMNDPNL""",-,0,0,0,0.0,0.0,,,,0.0,0.0,— 无点击,观察,0%,$0.00,无流量，检查出价是否过低
SL_B0BVJ68P41_25V_精准M_重点Aiminto,B0CCMM8F2R_22V,"asin=""B0CCMM8F2R""",-,0,0,0,0.0,0.0,,,,0.0,0.0,— 无点击,观察,0%,$0.00,无流量，检查出价是否过低
SL_B0BVJ68P41_25V_精准M_重点Aiminto,B0CCMM8F2R_22V,"asin=""B0CCMM2TVV""",-,0,0,0,0.0,0.0,,,,0.0,0.0,— 无点击,观察,0%,$0.00,无流量，检查出价是否过低
SL_B0BVJ68P41_25V_精准M_重点Aiminto,B0CCMM8F2R_22V,"asin=""B0CCMLPRNX""",-,1,0,0,0.0,0.0,,,,0.0,0.0,— 无点击,观察,0%,$0.00,无流量，检查出价是否过低
SL_B0BVJ68P41_25V_精准M_重点Aiminto,B0CCMM8F2R_22V,"asin=""B0CCMKWNSC""",-,0,0,0,0.0,0.0,,,,0.0,0.0,— 无点击,观察,0%,$0.00,无流量，检查出价是否过低
SL_B0BVJ68P41_25V_精准M_重点Aiminto,B0CCMM8F2R_22V,"asin=""B0BVJ683XH""",-,1,0,0,0.0,0.0,,,,0.0,0.0,— 无点击,观察,0%,$0.00,无流量，检查出价是否过低
SL_B0BVJ68P41_25V_精准M_重点Aiminto,B0CCMM8F2R_22V,"asin=""B0BVJ5G4CR""",-,0,0,0,0.0,0.0,,,,0.0,0.0,— 无点击,观察,0%,$0.00,无流量，检查出价是否过低
SL_B0BVJ68P41_25V_精准M_重点Aiminto,B0CCMM8F2R_22V,"asin=""B0BJ6JRLNB""",-,1,0,0,0.0,0.0,,,,0.0,0.0,— 无点击,观察,0%,$0.00,无流量，检查出价是否过低
SL_B0BVJ68P41_25V_精准M_重点Aiminto,B0CCMM8F2R_22V,"asin=""B09YMNWRK3""",-,0,0,0,0.0,0.0,,,,0.0,0.0,— 无点击,观察,0%,$0.00,无流量，检查出价是否过低
SL_B0BVJ68P41_25V_精准M_重点Aiminto,B0CCMM8F2R_22V,"asin=""B09YMMBYD1""",-,0,0,0,0.0,0.0,,,,0.0,0.0,— 无点击,观察,0%,$0.00,无流量，检查出价是否过低
SL_B0BVJ68P41_25V_精准M_重点Aiminto,B0BVJ68P41_3V,"asin=""B0CWDHPYHS""",-,46,1,0,0.79,0.0,,0.0,0.79,0.0,0.02,⚪ 低点击不出单,↘ 降价,-10%,$0.08,无出单，降低无效花费
SL_B0BVJ68P41_25V_精准M_重点Aiminto,B0BVJ68P41_3V,"asin=""B0CWDH57HD""",-,3,1,0,0.49,0.0,,0.0,0.49,0.0,0.01,⚪ 低点击不出单,↘ 降价,-10%,$0.05,无出单，降低无效花费
SL_B0BXS3VZVJ_25V_精准_VH,B0BXS3VZVJ_10V,"asin=""B0F93WB912""",-,44,2,0,1.95,0.0,,0.0,0.98,0.0,0.04,⚪ 低点击不出单,↘ 降价,-10%,$0.10,无出单，降低无效花费
SL_B0BXS3VZVJ_25V_精准_VH,B0BXS3VZVJ_10V,"asin=""B0BXRZ25SV""",-,365,8,0,6.0,0.0,,0.0,0.75,0.0,0.13,⚪ 低点击不出单,↘ 降价,-10%,$0.08,无出单，降低无效花费
SL_B0BXS3VZVJ_25V_精准_VH,B0BXS3VZVJ_10V,"asin=""B0BQ2CSKF7""",-,7,0,0,0.0,0.0,,,,0.0,0.0,— 无点击,观察,0%,$0.00,无流量，检查出价是否过低
SL_B0BXS3VZVJ_25V_精准_VH,B0BXS3VZVJ_10V,"asin=""B0BQ22KG6B""",-,5,0,0,0.0,0.0,,,,0.0,0.0,— 无点击,观察,0%,$0.00,无流量，检查出价是否过低
SL_B0BXS3VZVJ_25V_精准_VH,B0BXS3VZVJ_10V,"asin=""B0B7S29ZTH""",-,66,0,0,0.0,0.0,,,,0.0,0.0,— 无点击,观察,0%,$0.00,无流量，检查出价是否过低
SL_B0BXS3VZVJ_25V_精准_VH,B0BXS3VZVJ_10V,"asin=""B0B7S273N1""",-,153,3,0,2.6,0.0,,0.0,0.87,0.0,0.06,⚪ 低点击不出单,↘ 降价,-10%,$0.09,无出单，降低无效花费
SL_B0BXS3VZVJ_25V_精准_VH,B0BXS3VZVJ_10V,"asin=""B0B7RZCG6Q""",-,30,0,0,0.0,0.0,,,,0.0,0.0,— 无点击,观察,0%,$0.00,无流量，检查出价是否过低
SL_B0BXS3VZVJ_25V_精准_VH,B0BQ28FPZ5_15V,"asin=""B0FM3ZWRL2""",-,2,0,0,0.0,0.0,,,,0.0,0.0,— 无点击,观察,0%,$0.00,无流量，检查出价是否过低
SL_B0BXS3VZVJ_25V_精准_VH,B0BQ28FPZ5_15V,"asin=""B0FM3ZJPXH""",-,20,1,0,0.67,0.0,,0.0,0.67,0.0,0.01,⚪ 低点击不出单,↘ 降价,-10%,$0.07,无出单，降低无效花费
SL_B0BXS3VZVJ_25V_精准_VH,B0BQ28FPZ5_15V,"asin=""B0F93Z2MQS""",-,3,0,0,0.0,0.0,,,,0.0,0.0,— 无点击,观察,0%,$0.00,无流量，检查出价是否过低
SL_B0BXS3VZVJ_25V_精准_VH,B0BQ28FPZ5_15V,"asin=""B0DTDWN577""",-,31,0,0,0.0,0.0,,,,0.0,0.0,— 无点击,观察,0%,$0.00,无流量，检查出价是否过低
SL_B0BXS3VZVJ_25V_精准_VH,B0BQ28FPZ5_15V,"asin=""B0DTDWJ1G3""",-,0,0,0,0.0,0.0,,,,0.0,0.0,— 无点击,观察,0%,$0.00,无流量，检查出价是否过低
SL_B0BXS3VZVJ_25V_精准_VH,B0BQ28FPZ5_15V,"asin=""B0DTDTTKGQ""",-,0,0,0,0.0,0.0,,,,0.0,0.0,— 无点击,观察,0%,$0.00,无流量，检查出价是否过低
SL_B0BXS3VZVJ_25V_精准_VH,B0BQ28FPZ5_15V,"asin=""B0DTDTSLXR""",-,11,0,0,0.0,0.0,,,,0.0,0.0,— 无点击,观察,0%,$0.00,无流量，检查出价是否过低
SL_B0BXS3VZVJ_25V_精准_VH,B0BQ28FPZ5_15V,"asin=""B0BYYV62MH""",-,23,0,0,0.0,0.0,,,,0.0,0.0,— 无点击,观察,0%,$0.00,无流量，检查出价是否过低
SL_B0BXS3VZVJ_25V_精准_VH,B0BQ28FPZ5_15V,"asin=""B0BXS4FH6Y""",-,0,0,0,0.0,0.0,,,,0.0,0.0,— 无点击,观察,0%,$0.00,无流量，检查出价是否过低
SL_B0C3VD72XK_11V_精准_VH,B0C3VD4WL1_10V,"asin=""B0C3VDM5CS""",-,72,0,0,0.0,0.0,,,,0.0,0.0,— 无点击,观察,0%,$0.00,无流量，检查出价是否过低
SL_B0C3VD72XK_11V_精准_VH,B0C3VD4WL1_10V,"asin=""B0C3VD4WL1""",-,555,8,0,7.13,0.0,,0.0,0.89,0.0,0.16,⚪ 低点击不出单,↘ 降价,-10%,$0.09,无出单，降低无效花费
SL_B0C3VD72XK_11V_精准_VH,B0C3VD4WL1_10V,"asin=""B0C3VCRMGK""",-,40,0,0,0.0,0.0,,,,0.0,0.0,— 无点击,观察,0%,$0.00,无流量，检查出价是否过低
SL_B0BZRCD811_6V_精准_VL,B0BZRCD811_6V,"asin=""B0DD3P3Z6G""",-,3,0,0,0.0,0.0,,,,0.0,0.0,— 无点击,观察,0%,$0.00,无流量，检查出价是否过低
SL_B0BZRCD811_6V_精准_VL,B0BZRCD811_6V,"asin=""B0DD3NH1TH""",-,0,0,0,0.0,0.0,,,,0.0,0.0,— 无点击,观察,0%,$0.00,无流量，检查出价是否过低
SL_B0BZRCD811_6V_精准_VL,B0BZRCD811_6V,"asin=""B0DD3LLJQV""",-,62,2,0,1.87,0.0,,0.0,0.94,0.0,0.04,⚪ 低点击不出单,↘ 降价,-10%,$0.09,无出单，降低无效花费
SL_B0BZRCD811_6V_精准_VL,B0BZRCD811_6V,"asin=""B0DD3GSPHS""",-,165,6,0,5.43,0.0,,0.0,0.9,0.0,0.12,⚪ 低点击不出单,↘ 降价,-10%,$0.09,无出单，降低无效花费
SL_B0BYSL1RVT_9V_精准VL,B0CD1RSG15_8V,"asin=""B0D2KY9SHZ""",-,13,0,0,0.0,0.0,,,,0.0,0.0,— 无点击,观察,0%,$0.00,无流量，检查出价是否过低
SL_B0BYSL1RVT_9V_精准VL,B0CD1RSG15_8V,"asin=""B0D2KXX39Y""",-,16,0,0,0.0,0.0,,,,0.0,0.0,— 无点击,观察,0%,$0.00,无流量，检查出价是否过低
SL_B0BYSL1RVT_9V_精准VL,B0CD1RSG15_8V,"asin=""B0CD1TG2MQ""",-,5,0,0,0.0,0.0,,,,0.0,0.0,— 无点击,观察,0%,$0.00,无流量，检查出价是否过低
SL_B0BYSL1RVT_9V_精准VL,B0CD1RSG15_8V,"asin=""B0CD1T1R1Y""",-,0,0,0,0.0,0.0,,,,0.0,0.0,— 无点击,观察,0%,$0.00,无流量，检查出价是否过低
SL_B0BYSL1RVT_9V_精准VL,B0CD1RSG15_8V,"asin=""B0CD1SF3RG""",-,0,0,0,0.0,0.0,,,,0.0,0.0,— 无点击,观察,0%,$0.00,无流量，检查出价是否过低
SL_B0BYSL1RVT_9V_精准VL,B0CD1RSG15_8V,"asin=""B0CD1RSG15""",-,12,0,0,0.0,0.0,,,,0.0,0.0,— 无点击,观察,0%,$0.00,无流量，检查出价是否过低
SL_B0BYSL1RVT_9V_精准VL,B0CD1RSG15_8V,"asin=""B0CD1R4M41""",-,0,0,0,0.0,0.0,,,,0.0,0.0,— 无点击,观察,0%,$0.00,无流量，检查出价是否过低
SL_B0BYSL1RVT_9V_精准VL,B0CD1RSG15_8V,"asin=""B0BYSHS97C""",-,0,0,0,0.0,0.0,,,,0.0,0.0,— 无点击,观察,0%,$0.00,无流量，检查出价是否过低
SL_B0BYSL1RVT_9V_精准VL,B0BYSL1RVT_1V,"asin=""B0BYSL1RVT""",-,9,0,0,0.0,0.0,,,,0.0,0.0,— 无点击,观察,0%,$0.00,无流量，检查出价是否过低
SL_B0CF4H97BV_17V_精准L_FX_观察0520,B0CF4H97BV_3V,"asin=""B0CNVD4KZG""",-,5,0,0,0.0,0.0,,,,0.0,0.0,— 无点击,观察,0%,$0.00,无流量，检查出价是否过低
SL_B0CF4H97BV_17V_精准L_FX_观察0520,B0CF4H97BV_3V,"asin=""B0CF4H97BV""",-,19,1,0,0.88,0.0,,0.0,0.88,0.0,0.02,⚪ 低点击不出单,↘ 降价,-10%,$0.09,无出单，降低无效花费
SL_B0CF4H97BV_17V_精准L_FX_观察0520,B0CF4H97BV_3V,"asin=""B0CF4FN4MM""",-,0,0,0,0.0,0.0,,,,0.0,0.0,— 无点击,观察,0%,$0.00,无流量，检查出价是否过低
SL_B0C7ZS6HQT_9V_精准VL_FX,B0C7ZS6HQT_9V,"asin=""B0C7ZVHDTK""",-,2,0,0,0.0,0.0,,,,0.0,0.0,— 无点击,观察,0%,$0.00,无流量，检查出价是否过低
SL_B0C7ZS6HQT_9V_精准VL_FX,B0C7ZS6HQT_9V,"asin=""B0C7ZS6HQT""",-,0,0,0,0.0,0.0,,,,0.0,0.0,— 无点击,观察,0%,$0.00,无流量，检查出价是否过低
SL_B0C7ZS6HQT_9V_精准VL_FX,B0C7ZS6HQT_9V,"asin=""B0C7ZS3JHJ""",-,2,0,0,0.0,0.0,,,,0.0,0.0,— 无点击,观察,0%,$0.00,无流量，检查出价是否过低
SL_B0C7ZS6HQT_9V_精准VL_FX,B0C7ZS6HQT_9V,"asin=""B0BBBDVSD5""",-,3,0,0,0.0,0.0,,,,0.0,0.0,— 无点击,观察,0%,$0.00,无流量，检查出价是否过低
SL_B0C7ZS6HQT_9V_精准VL_FX,B0C7ZS6HQT_9V,"asin=""B0BBB7RFXQ""",-,0,0,0,0.0,0.0,,,,0.0,0.0,— 无点击,观察,0%,$0.00,无流量，检查出价是否过低
SL_B0C7ZS6HQT_9V_精准VL_FX,B0C7ZS6HQT_9V,"asin=""B0BBB7L6GN""",-,5,0,0,0.0,0.0,,,,0.0,0.0,— 无点击,观察,0%,$0.00,无流量，检查出价是否过低
SL_B0C3VD72XK_11V_精准_VH,B0C3VD4WL1_10V,"asin=""B0CRDMNV6S""",-,8,0,0,0.0,0.0,,,,0.0,0.0,— 无点击,观察,0%,$0.00,无流量，检查出价是否过低
SL_B0C3VD72XK_11V_精准_VH,B0C3VD4WL1_10V,"asin=""B0CJBGY63C""",-,19,0,0,0.0,0.0,,,,0.0,0.0,— 无点击,观察,0%,$0.00,无流量，检查出价是否过低
SL_B0C3VD72XK_11V_精准_VH,B0C3VD4WL1_10V,"asin=""B0CJBGNNQC""",-,6,0,0,0.0,0.0,,,,0.0,0.0,— 无点击,观察,0%,$0.00,无流量，检查出价是否过低
SL_B0C3VD72XK_11V_精准_VH,B0C3VD4WL1_10V,"asin=""B0CJBG98XP""",-,12,0,0,0.0,0.0,,,,0.0,0.0,— 无点击,观察,0%,$0.00,无流量，检查出价是否过低
SL_B0C3VD72XK_11V_精准_VH,B0C3VD4WL1_10V,"asin=""B0CJBFLJSH""",-,17,1,0,0.65,0.0,,0.0,0.65,0.0,0.01,⚪ 低点击不出单,↘ 降价,-10%,$0.07,无出单，降低无效花费
SL_B0C3VD72XK_11V_精准_VH,B0C3VD4WL1_10V,"asin=""B0CJBFCWXY""",-,23,0,0,0.0,0.0,,,,0.0,0.0,— 无点击,观察,0%,$0.00,无流量，检查出价是否过低
SL_B0C3VD72XK_11V_精准_VH,B0C3VD4WL1_10V,"asin=""B0C3VDNG37""",-,13,0,0,0.0,0.0,,,,0.0,0.0,— 无点击,观察,0%,$0.00,无流量，检查出价是否过低
SL_B0CN34D7G4_1V_精准VL_10无单,B0CN34D7G4_1V,"asin=""B0CN34D7G4""",-,9,0,0,0.0,0.0,,,,0.0,0.0,— 无点击,观察,0%,$0.00,无流量，检查出价是否过低
SL_B0CKLNG4NB_3V_精准VL_FX_观察0520,B0CKLNG4NB_3V,"asin=""B0CKLNG4NB""",-,10,0,0,0.0,0.0,,,,0.0,0.0,— 无点击,观察,0%,$0.00,无流量，检查出价是否过低
SL_B0CKLNG4NB_3V_精准VL_FX_观察0520,B0CKLNG4NB_3V,"asin=""B0CKLN35ZL""",-,1,0,0,0.0,0.0,,,,0.0,0.0,— 无点击,观察,0%,$0.00,无流量，检查出价是否过低
SL_B0CKLNG4NB_3V_精准VL_FX_观察0520,B0CKLNG4NB_3V,"asin=""B0CKLMDYBT""",-,8,0,0,0.0,0.0,,,,0.0,0.0,— 无点击,观察,0%,$0.00,无流量，检查出价是否过低
SL_B0CF4H97BV_17V_精准L_FX_观察0520,B0CNVCXHWG_14V,"asin=""B0CY7QTN5H""",-,7,0,0,0.0,0.0,,,,0.0,0.0,— 无点击,观察,0%,$0.00,无流量，检查出价是否过低
SL_B0CF4H97BV_17V_精准L_FX_观察0520,B0CNVCXHWG_14V,"asin=""B0CNVFCTX3""",-,13,0,0,0.0,0.0,,,,0.0,0.0,— 无点击,观察,0%,$0.00,无流量，检查出价是否过低
SL_B0CF4H97BV_17V_精准L_FX_观察0520,B0CNVCXHWG_14V,"asin=""B0CNVF2BFK""",-,14,0,0,0.0,0.0,,,,0.0,0.0,— 无点击,观察,0%,$0.00,无流量，检查出价是否过低
SL_B0CF4H97BV_17V_精准L_FX_观察0520,B0CNVCXHWG_14V,"asin=""B0CNVDT56B""",-,17,0,0,0.0,0.0,,,,0.0,0.0,— 无点击,观察,0%,$0.00,无流量，检查出价是否过低
SL_B0CF4H97BV_17V_精准L_FX_观察0520,B0CNVCXHWG_14V,"asin=""B0CNVDQ151""",-,5,0,0,0.0,0.0,,,,0.0,0.0,— 无点击,观察,0%,$0.00,无流量，检查出价是否过低
SL_B0CF4H97BV_17V_精准L_FX_观察0520,B0CNVCXHWG_14V,"asin=""B0CNVDNZ7Y""",-,3,0,0,0.0,0.0,,,,0.0,0.0,— 无点击,观察,0%,$0.00,无流量，检查出价是否过低
SL_B0CF4H97BV_17V_精准L_FX_观察0520,B0CNVCXHWG_14V,"asin=""B0CNVDHL9Z""",-,6,0,0,0.0,0.0,,,,0.0,0.0,— 无点击,观察,0%,$0.00,无流量，检查出价是否过低
SL_B0CF4H97BV_17V_精准L_FX_观察0520,B0CNVCXHWG_14V,"asin=""B0CNVD6HHY""",-,6,0,0,0.0,0.0,,,,0.0,0.0,— 无点击,观察,0%,$0.00,无流量，检查出价是否过低
SL_B0CF4H97BV_17V_精准L_FX_观察0520,B0CNVCXHWG_14V,"asin=""B0CNVCLJV3""",-,0,0,0,0.0,0.0,,,,0.0,0.0,— 无点击,观察,0%,$0.00,无流量，检查出价是否过低
SL_B0CF4H97BV_17V_精准L_FX_观察0520,B0CNVCXHWG_14V,"asin=""B0CF4NRJ7Q""",-,0,0,0,0.0,0.0,,,,0.0,0.0,— 无点击,观察,0%,$0.00,无流量，检查出价是否过低
SL_B0CF4H97BV_17V_精准L_FX_观察0520,B0CNVCXHWG_14V,"asin=""B0CF4FW8R9""",-,3,0,0,0.0,0.0,,,,0.0,0.0,— 无点击,观察,0%,$0.00,无流量，检查出价是否过低
SL_B0CF4H97BV_17V_精准L_FX_观察0520,B0CNVCXHWG_14V,"asin=""B0CF4FLWXN""",-,0,0,0,0.0,0.0,,,,0.0,0.0,— 无点击,观察,0%,$0.00,无流量，检查出价是否过低
SL_B0CSTB6GR7_15V_精准VL_FX_观察0520,B0CSTCT1T9_14V,"asin=""B0CSTB4KBP""",-,0,0,0,0.0,0.0,,,,0.0,0.0,— 无点击,观察,0%,$0.00,无流量，检查出价是否过低
SL_B0CSTB6GR7_15V_精准VL_FX_观察0520,B0CSTCT1T9_14V,"asin=""B0CST9XDD6""",-,2,0,0,0.0,0.0,,,,0.0,0.0,— 无点击,观察,0%,$0.00,无流量，检查出价是否过低
SL_B0CSTB6GR7_15V_精准VL_FX_观察0520,B0CSTB6GR7_1V,"asin=""B0CSTB6GR7""",-,9,0,0,0.0,0.0,,,,0.0,0.0,— 无点击,观察,0%,$0.00,无流量，检查出价是否过低
SL_B0CQQF67P1_6V_精准_VH,B0CQQF67P1_6V,"asin=""B0CQT296ZR""",-,19,0,0,0.0,0.0,,,,0.0,0.0,— 无点击,观察,0%,$0.00,无流量，检查出价是否过低
SL_B0CQQF67P1_6V_精准_VH,B0CQQF67P1_6V,"asin=""B0CQQLDG52""",-,3,0,0,0.0,0.0,,,,0.0,0.0,— 无点击,观察,0%,$0.00,无流量，检查出价是否过低
SL_B0CQQF67P1_6V_精准_VH,B0CQQF67P1_6V,"asin=""B0CQQL8VFG""",-,11,0,0,0.0,0.0,,,,0.0,0.0,— 无点击,观察,0%,$0.00,无流量，检查出价是否过低
SL_B0CQQF67P1_6V_精准_VH,B0CQQF67P1_6V,"asin=""B0CQQJR6MT""",-,37,0,0,0.0,0.0,,,,0.0,0.0,— 无点击,观察,0%,$0.00,无流量，检查出价是否过低
SL_B0CQQF67P1_6V_精准_VH,B0CQQF67P1_6V,"asin=""B0CQQCVJ3G""",-,13,0,0,0.0,0.0,,,,0.0,0.0,— 无点击,观察,0%,$0.00,无流量，检查出价是否过低
SL_B0CNSZ64J9_4V_精准VH_FX,B0CNSZ64J9_4V,"asin=""B0CNT16C1N""",-,148,5,0,7.51,0.0,,0.0,1.5,0.0,0.16,⚪ 低点击不出单,↘ 降价,-10%,$0.15,无出单，降低无效花费
SL_B0CNSZ64J9_4V_精准VH_FX,B0CNSZ64J9_4V,"asin=""B0CNSZ64J9""",-,15,0,0,0.0,0.0,,,,0.0,0.0,— 无点击,观察,0%,$0.00,无流量，检查出价是否过低
SL_B0CNSZ64J9_4V_精准VH_FX,B0CNSZ64J9_4V,"asin=""B0CNSZ485B""",-,29,0,0,0.0,0.0,,,,0.0,0.0,— 无点击,观察,0%,$0.00,无流量，检查出价是否过低
SL_B0CNBL4Z19_6V_精准VL_重点BeauGo,B0CNBL4Z19_6V,"asin=""B0CNC1V1N3""",-,0,0,0,0.0,0.0,,,,0.0,0.0,— 无点击,观察,0%,$0.00,无流量，检查出价是否过低
SL_B0CNBL4Z19_6V_精准VL_重点BeauGo,B0CNBL4Z19_6V,"asin=""B0CNBL4Z19""",-,0,0,0,0.0,0.0,,,,0.0,0.0,— 无点击,观察,0%,$0.00,无流量，检查出价是否过低
SL_B0CNBL4Z19_6V_精准VL_重点BeauGo,B0CNBL4Z19_6V,"asin=""B0CNBBV9GN""",-,8,0,0,0.0,0.0,,,,0.0,0.0,— 无点击,观察,0%,$0.00,无流量，检查出价是否过低
SL_B0CNBL4Z19_6V_精准VL_重点BeauGo,B0CNBL4Z19_6V,"asin=""B0CG8WDQ6X""",-,0,0,0,0.0,0.0,,,,0.0,0.0,— 无点击,观察,0%,$0.00,无流量，检查出价是否过低
SL_B0CN34ZMY1_1V_精准VL_FX_观察0520,B0CN34ZMY1_1V,"asin=""B0CN34ZMY1""",-,65,0,0,0.0,0.0,,,,0.0,0.0,— 无点击,观察,0%,$0.00,无流量，检查出价是否过低
SL_B0D5H99T3M_12V_精准VL_重点Monstoyo_DW_非常相似,B0D5H9JV7X_10V,"asin=""B0D5H9JV7X""",-,9,0,0,0.0,0.0,,,,0.0,0.0,— 无点击,观察,0%,$0.00,无流量，检查出价是否过低
SL_B0D5H99T3M_12V_精准VL_重点Monstoyo_DW_非常相似,B0D5H9JV7X_10V,"asin=""B0D5H9JPKB""",-,0,0,0,0.0,0.0,,,,0.0,0.0,— 无点击,观察,0%,$0.00,无流量，检查出价是否过低
SL_B0D5H99T3M_12V_精准VL_重点Monstoyo_DW_非常相似,B0D5H9JV7X_10V,"asin=""B0D5H95KB2""",-,1,0,0,0.0,0.0,,,,0.0,0.0,— 无点击,观察,0%,$0.00,无流量，检查出价是否过低
SL_B0D5H99T3M_12V_精准VL_重点Monstoyo_DW_非常相似,B0D5H9JV7X_10V,"asin=""B0D5H8X6QY""",-,11,0,0,0.0,0.0,,,,0.0,0.0,— 无点击,观察,0%,$0.00,无流量，检查出价是否过低
SL_B0D5H99T3M_12V_精准VL_重点Monstoyo_DW_非常相似,B0D5H9JV7X_10V,"asin=""B0D5H7CS98""",-,12,0,0,0.0,0.0,,,,0.0,0.0,— 无点击,观察,0%,$0.00,无流量，检查出价是否过低
SL_B0D1CTY865_1V_精准VL_UD,B0D1CTY865_1V,"asin=""B0D1CTY865""",-,2,0,0,0.0,0.0,,,,0.0,0.0,— 无点击,观察,0%,$0.00,无流量，检查出价是否过低
SL_B0CZ6RPSV3_9V_精准L_FX_观察0520,B0D739NKJP_5V,"asin=""B0CZ6CQP2B""",-,0,0,0,0.0,0.0,,,,0.0,0.0,— 无点击,观察,0%,$0.00,无流量，检查出价是否过低
SL_B0CZ6RPSV3_9V_精准L_FX_观察0520,B0CZ6RPSV3_4V,"asin=""B0CZ6RPSV3""",-,5,0,0,0.0,0.0,,,,0.0,0.0,— 无点击,观察,0%,$0.00,无流量，检查出价是否过低
SL_B0CZ6RPSV3_9V_精准L_FX_观察0520,B0CZ6RPSV3_4V,"asin=""B0CZ6N8S1K""",-,1,0,0,0.0,0.0,,,,0.0,0.0,— 无点击,观察,0%,$0.00,无流量，检查出价是否过低
SL_B0CSTB6GR7_15V_精准VL_FX_观察0520,B0CSTCT1T9_14V,"asin=""B0CSTDPDC7""",-,0,0,0,0.0,0.0,,,,0.0,0.0,— 无点击,观察,0%,$0.00,无流量，检查出价是否过低
SL_B0CSTB6GR7_15V_精准VL_FX_观察0520,B0CSTCT1T9_14V,"asin=""B0CSTCNLYJ""",-,4,0,0,0.0,0.0,,,,0.0,0.0,— 无点击,观察,0%,$0.00,无流量，检查出价是否过低
SL_B0CSTB6GR7_15V_精准VL_FX_观察0520,B0CSTCT1T9_14V,"asin=""B0CSTC6YV3""",-,2,0,0,0.0,0.0,,,,0.0,0.0,— 无点击,观察,0%,$0.00,无流量，检查出价是否过低
SL_B0CSTB6GR7_15V_精准VL_FX_观察0520,B0CSTCT1T9_14V,"asin=""B0CSTBTKL4""",-,1,0,0,0.0,0.0,,,,0.0,0.0,— 无点击,观察,0%,$0.00,无流量，检查出价是否过低
SL_B0CSTB6GR7_15V_精准VL_FX_观察0520,B0CSTCT1T9_14V,"asin=""B0CSTBN35T""",-,0,0,0,0.0,0.0,,,,0.0,0.0,— 无点击,观察,0%,$0.00,无流量，检查出价是否过低
SL_B0CSTB6GR7_15V_精准VL_FX_观察0520,B0CSTCT1T9_14V,"asin=""B0CSTBLDRW""",-,2,0,0,0.0,0.0,,,,0.0,0.0,— 无点击,观察,0%,$0.00,无流量，检查出价是否过低
SL_B0CSTB6GR7_15V_精准VL_FX_观察0520,B0CSTCT1T9_14V,"asin=""B0CSTBB3PH""",-,0,0,0,0.0,0.0,,,,0.0,0.0,— 无点击,观察,0%,$0.00,无流量，检查出价是否过低
SL_0_合集_* slip lead *_1_观察0217,精准_14,short slip leads for dogs,EXACT,64,1,0,1.54,0.0,,0.0,1.54,0.0,0.03,⚪ 低点击不出单,↘ 降价,-10%,$0.15,无出单，降低无效花费
SL_0_合集_* slip lead *_1_观察0217,精准_14,maypaw slip leads for dogs,EXACT,22,0,0,0.0,0.0,,,,0.0,0.0,— 无点击,观察,0%,$0.00,无流量，检查出价是否过低
SL_B0D5TF3TNZ_16V_精准VL_重点FURSDOLY,B0DQC87Y7H_13V,"asin=""B0FK2GDKZC""",-,1,0,0,0.0,0.0,,,,0.0,0.0,— 无点击,观察,0%,$0.00,无流量，检查出价是否过低
SL_B0D5TF3TNZ_16V_精准VL_重点FURSDOLY,B0DQC87Y7H_13V,"asin=""B0F4CJZZZR""",-,3,0,0,0.0,0.0,,,,0.0,0.0,— 无点击,观察,0%,$0.00,无流量，检查出价是否过低
SL_B0D5TF3TNZ_16V_精准VL_重点FURSDOLY,B0DQC87Y7H_13V,"asin=""B0F4CHB44S""",-,9,0,0,0.0,0.0,,,,0.0,0.0,— 无点击,观察,0%,$0.00,无流量，检查出价是否过低
SL_B0D5TF3TNZ_16V_精准VL_重点FURSDOLY,B0DQC87Y7H_13V,"asin=""B0DQCFNT46""",-,5,0,0,0.0,0.0,,,,0.0,0.0,— 无点击,观察,0%,$0.00,无流量，检查出价是否过低
SL_B0D5TF3TNZ_16V_精准VL_重点FURSDOLY,B0DQC87Y7H_13V,"asin=""B0DQC87Y7H""",-,13,0,0,0.0,0.0,,,,0.0,0.0,— 无点击,观察,0%,$0.00,无流量，检查出价是否过低
SL_B0D5TF3TNZ_16V_精准VL_重点FURSDOLY,B0DQC87Y7H_13V,"asin=""B0D5V8JG8R""",-,63,0,0,0.0,0.0,,,,0.0,0.0,— 无点击,观察,0%,$0.00,无流量，检查出价是否过低
SL_B0D5TF3TNZ_16V_精准VL_重点FURSDOLY,B0DQC87Y7H_13V,"asin=""B0D5V5FK7L""",-,4,0,0,0.0,0.0,,,,0.0,0.0,— 无点击,观察,0%,$0.00,无流量，检查出价是否过低
SL_B0D5TF3TNZ_16V_精准VL_重点FURSDOLY,B0DQC87Y7H_13V,"asin=""B0D5TWYYJN""",-,136,5,0,4.7,0.0,,0.0,0.94,0.0,0.1,⚪ 低点击不出单,↘ 降价,-10%,$0.09,无出单，降低无效花费
SL_B0D5TF3TNZ_16V_精准VL_重点FURSDOLY,B0D5TF3TNZ_3V,"asin=""B0D5TVWP4D""",-,172,1,0,0.81,0.0,,0.0,0.81,0.0,0.02,⚪ 低点击不出单,↘ 降价,-10%,$0.08,无出单，降低无效花费
SL_B0D5TF3TNZ_16V_精准VL_重点FURSDOLY,B0D5TF3TNZ_3V,"asin=""B0D5TF3TNZ""",-,372,5,0,4.18,0.0,,0.0,0.84,0.0,0.09,⚪ 低点击不出单,↘ 降价,-10%,$0.08,无出单，降低无效花费
SL_B0D5H99T3M_12V_精准VL_重点Monstoyo_DW_非常相似,B0D5H9JV7X_10V,"asin=""B0D5HD449L""",-,4,1,0,0.55,0.0,,0.0,0.55,0.0,0.01,⚪ 低点击不出单,↘ 降价,-10%,$0.06,无出单，降低无效花费
SL_B0D5H99T3M_12V_精准VL_重点Monstoyo_DW_非常相似,B0D5H9JV7X_10V,"asin=""B0D5HC6SH4""",-,4,0,0,0.0,0.0,,,,0.0,0.0,— 无点击,观察,0%,$0.00,无流量，检查出价是否过低
SL_B0D5H99T3M_12V_精准VL_重点Monstoyo_DW_非常相似,B0D5H9JV7X_10V,"asin=""B0D5HC3R8B""",-,2,0,0,0.0,0.0,,,,0.0,0.0,— 无点击,观察,0%,$0.00,无流量，检查出价是否过低
SL_B0D5H99T3M_12V_精准VL_重点Monstoyo_DW_非常相似,B0D5H9JV7X_10V,"asin=""B0D5HBQJ23""",-,3,1,0,0.69,0.0,,0.0,0.69,0.0,0.02,⚪ 低点击不出单,↘ 降价,-10%,$0.07,无出单，降低无效花费
SL_B0D5TF3TNZ_16V_精准VL_重点FURSDOLY,B0DQC87Y7H_13V,"asin=""B0FK2K3KGZ""",-,3,0,0,0.0,0.0,,,,0.0,0.0,— 无点击,观察,0%,$0.00,无流量，检查出价是否过低
SL_B0D5TF3TNZ_16V_精准VL_重点FURSDOLY,B0DQC87Y7H_13V,"asin=""B0FK2JMTGN""",-,0,0,0,0.0,0.0,,,,0.0,0.0,— 无点击,观察,0%,$0.00,无流量，检查出价是否过低
SL_B0D5TF3TNZ_16V_精准VL_重点FURSDOLY,B0DQC87Y7H_13V,"asin=""B0FK2J47NC""",-,105,3,0,2.94,0.0,,0.0,0.98,0.0,0.06,⚪ 低点击不出单,↘ 降价,-10%,$0.10,无出单，降低无效花费
SL_B0D5TF3TNZ_16V_精准VL_重点FURSDOLY,B0DQC87Y7H_13V,"asin=""B0FK2HVJGW""",-,12,0,0,0.0,0.0,,,,0.0,0.0,— 无点击,观察,0%,$0.00,无流量，检查出价是否过低
SL_B0D5TF3TNZ_16V_精准VL_重点FURSDOLY,B0DQC87Y7H_13V,"asin=""B0FK2GGSZS""",-,2,0,0,0.0,0.0,,,,0.0,0.0,— 无点击,观察,0%,$0.00,无流量，检查出价是否过低
SL_0_合集_* slip lead *_2_0724,精准_20,1 4 slip lead dog leash,EXACT,11,0,0,0.0,0.0,,,,0.0,0.0,— 无点击,观察,0%,$0.00,无流量，检查出价是否过低
SL_0_合集_* slip lead *_2_0724,精准_20,1 4 inch slip leads for dogs,EXACT,1,0,0,0.0,0.0,,,,0.0,0.0,— 无点击,观察,0%,$0.00,无流量，检查出价是否过低
SL_0_合集_* slip lead *_1_观察0217,精准_9,training slip lead for small dogs,EXACT,16,0,0,0.0,0.0,,,,0.0,0.0,— 无点击,观察,0%,$0.00,无流量，检查出价是否过低
SL_0_合集_* slip lead *_1_观察0217,精准_9,thin slip lead leash,EXACT,25,0,0,0.0,0.0,,,,0.0,0.0,— 无点击,观察,0%,$0.00,无流量，检查出价是否过低
SL_0_合集_* slip lead *_1_观察0217,精准_9,small slip lead leash,EXACT,37,1,0,1.06,0.0,,0.0,1.06,0.0,0.02,⚪ 低点击不出单,↘ 降价,-10%,$0.11,无出单，降低无效花费
SL_0_合集_* slip lead *_1_观察0217,精准_9,small dog slip lead leash,EXACT,45,0,0,0.0,0.0,,,,0.0,0.0,— 无点击,观察,0%,$0.00,无流量，检查出价是否过低
SL_0_合集_* slip lead *_1_观察0217,精准_9,short slip lead for dogs,EXACT,6237,27,0,30.560000000000002,0.0,,0.0,1.13,0.0,0.67,🔴 高点击不出单,⛔ 大幅降价/暂停,-20%,$0.23,已积累27次点击仍无出单，转化严重不足
SL_0_合集_* slip lead *_1_观察0217,精准_9,mendota slip leads for dogs,EXACT,32,0,0,0.0,0.0,,,,0.0,0.0,— 无点击,观察,0%,$0.00,无流量，检查出价是否过低
SL_0_合集_* slip lead *_1_观察0217,精准_9,dog slip lead 4ft,EXACT,18,0,0,0.0,0.0,,,,0.0,0.0,— 无点击,观察,0%,$0.00,无流量，检查出价是否过低
SL_0_合集_* slip lead *_1_观察0217,精准_14,thin slip lead dog leash for small dogs,EXACT,5,0,0,0.0,0.0,,,,0.0,0.0,— 无点击,观察,0%,$0.00,无流量，检查出价是否过低
SL_0_合集_* slip lead *_1_观察0217,精准_14,thin slip lead dog leash,EXACT,13,0,0,0.0,0.0,,,,0.0,0.0,— 无点击,观察,0%,$0.00,无流量，检查出价是否过低
SL_B0D878M259_20V_精准VL_UD,B0D875NJKM_8V,"asin=""B0D8798QJ2""",-,0,0,0,0.0,0.0,,,,0.0,0.0,— 无点击,观察,0%,$0.00,无流量，检查出价是否过低
SL_B0D878M259_20V_精准VL_UD,B0D875NJKM_8V,"asin=""B0D876CBTF""",-,1,0,0,0.0,0.0,,,,0.0,0.0,— 无点击,观察,0%,$0.00,无流量，检查出价是否过低
SL_B0D878M259_20V_精准VL_UD,B0D875NJKM_8V,"asin=""B0D875NJKM""",-,0,0,0,0.0,0.0,,,,0.0,0.0,— 无点击,观察,0%,$0.00,无流量，检查出价是否过低
SL_B0D878M259_20V_精准VL_UD,B0D875NJKM_8V,"asin=""B0D86ZTSXP""",-,0,0,0,0.0,0.0,,,,0.0,0.0,— 无点击,观察,0%,$0.00,无流量，检查出价是否过低
SL_B0D878M259_20V_精准VL_UD,B0D875NJKM_8V,"asin=""B0D86ZT5JS""",-,0,0,0,0.0,0.0,,,,0.0,0.0,— 无点击,观察,0%,$0.00,无流量，检查出价是否过低
SL_B0D878M259_20V_精准VL_UD,B0D875NJKM_8V,"asin=""B0D86ZSYNR""",-,0,0,0,0.0,0.0,,,,0.0,0.0,— 无点击,观察,0%,$0.00,无流量，检查出价是否过低
SL_B0D6G27DNH_20V_精准_H,B0D8TB18VS_15V,"asin=""B0D8TB18VS""",-,6,0,0,0.0,0.0,,,,0.0,0.0,— 无点击,观察,0%,$0.00,无流量，检查出价是否过低
SL_B0D6G27DNH_20V_精准_H,B0D8TB18VS_15V,"asin=""B0CDBT9CBN""",-,1,0,0,0.0,0.0,,,,0.0,0.0,— 无点击,观察,0%,$0.00,无流量，检查出价是否过低
SL_B0D6G27DNH_20V_精准_H,B0D8TB18VS_15V,"asin=""B0CCD6N43K""",-,4,0,0,0.0,0.0,,,,0.0,0.0,— 无点击,观察,0%,$0.00,无流量，检查出价是否过低
SL_B0D6G27DNH_20V_精准_H,B0D8TB18VS_15V,"asin=""B0CCD43X84""",-,7,0,0,0.0,0.0,,,,0.0,0.0,— 无点击,观察,0%,$0.00,无流量，检查出价是否过低
SL_B0D6G27DNH_20V_精准_H,B0D8TB18VS_15V,"asin=""B0BMQL779Q""",-,2,0,0,0.0,0.0,,,,0.0,0.0,— 无点击,观察,0%,$0.00,无流量，检查出价是否过低
SL_B0D6G27DNH_20V_精准_H,B0D8TB18VS_15V,"asin=""B0BMQL4HQJ""",-,9,1,0,0.79,0.0,,0.0,0.79,0.0,0.02,⚪ 低点击不出单,↘ 降价,-10%,$0.08,无出单，降低无效花费
SL_B0D6G27DNH_20V_精准_H,B0D8TB18VS_15V,"asin=""B09VGHLFCJ""",-,3,0,0,0.0,0.0,,,,0.0,0.0,— 无点击,观察,0%,$0.00,无流量，检查出价是否过低
SL_B0D6G27DNH_20V_精准_H,B0D8TB18VS_15V,"asin=""B09VGG4ZP2""",-,4,0,0,0.0,0.0,,,,0.0,0.0,— 无点击,观察,0%,$0.00,无流量，检查出价是否过低
SL_B0D6G27DNH_20V_精准_H,B0D6G27DNH_5V,"asin=""B0DGKXLZDV""",-,28,0,0,0.0,0.0,,,,0.0,0.0,— 无点击,观察,0%,$0.00,无流量，检查出价是否过低
SL_B0D6G27DNH_20V_精准_H,B0D6G27DNH_5V,"asin=""B0DGKV1PV7""",-,5,1,0,1.1,0.0,,0.0,1.1,0.0,0.02,⚪ 低点击不出单,↘ 降价,-10%,$0.11,无出单，降低无效花费
SL_B0DSFWJK52_10V_精准_VL,B0DSFWJK52_10V,"asin=""B0DSFWXWC3""",-,20,1,0,0.79,0.0,,0.0,0.79,0.0,0.02,⚪ 低点击不出单,↘ 降价,-10%,$0.08,无出单，降低无效花费
SL_B0DSFWJK52_10V_精准_VL,B0DSFWJK52_10V,"asin=""B0DSFWGJYD""",-,71,1,0,0.79,0.0,,0.0,0.79,0.0,0.02,⚪ 低点击不出单,↘ 降价,-10%,$0.08,无出单，降低无效花费
SL_B0DSFWJK52_10V_精准_VL,B0DSFWJK52_10V,"asin=""B0DSFW7DBL""",-,12,1,0,0.42,0.0,,0.0,0.42,0.0,0.01,⚪ 低点击不出单,↘ 降价,-10%,$0.04,无出单，降低无效花费
SL_B0DSFWJK52_10V_精准_VL,B0DSFWJK52_10V,"asin=""B0DSFSY39R""",-,27,0,0,0.0,0.0,,,,0.0,0.0,— 无点击,观察,0%,$0.00,无流量，检查出价是否过低
SL_B0DF6M88FM_13V_精准_M,B0DF6M88FM_13V,"asin=""B0DF6MZLXM""",-,0,0,0,0.0,0.0,,,,0.0,0.0,— 无点击,观察,0%,$0.00,无流量，检查出价是否过低
SL_B0DF6M88FM_13V_精准_M,B0DF6M88FM_13V,"asin=""B0DF6MSGZ6""",-,0,0,0,0.0,0.0,,,,0.0,0.0,— 无点击,观察,0%,$0.00,无流量，检查出价是否过低
SL_B0DF6M88FM_13V_精准_M,B0DF6M88FM_13V,"asin=""B0DF6MHVY4""",-,8,0,0,0.0,0.0,,,,0.0,0.0,— 无点击,观察,0%,$0.00,无流量，检查出价是否过低
SL_B0DF6M88FM_13V_精准_M,B0DF6M88FM_13V,"asin=""B0DF6MBXSP""",-,1,0,0,0.0,0.0,,,,0.0,0.0,— 无点击,观察,0%,$0.00,无流量，检查出价是否过低
SL_B0DF6M88FM_13V_精准_M,B0DF6M88FM_13V,"asin=""B0DF6M88FM""",-,202,5,0,3.64,0.0,,0.0,0.73,0.0,0.08,⚪ 低点击不出单,↘ 降价,-10%,$0.07,无出单，降低无效花费
SL_B0DF6M88FM_13V_精准_M,B0DF6M88FM_13V,"asin=""B0DF6LZWM5""",-,14,0,0,0.0,0.0,,,,0.0,0.0,— 无点击,观察,0%,$0.00,无流量，检查出价是否过低
SL_B0DF6M88FM_13V_精准_M,B0DF6M88FM_13V,"asin=""B0DF6LVTDP""",-,0,0,0,0.0,0.0,,,,0.0,0.0,— 无点击,观察,0%,$0.00,无流量，检查出价是否过低
SL_B0DF6M88FM_13V_精准_M,B0DF6M88FM_13V,"asin=""B0DF6LSKVD""",-,5,0,0,0.0,0.0,,,,0.0,0.0,— 无点击,观察,0%,$0.00,无流量，检查出价是否过低
SL_B0DF6M88FM_13V_精准_M,B0DF6M88FM_13V,"asin=""B0DF6LHQZ6""",-,416,2,0,1.4,0.0,,0.0,0.7,0.0,0.03,⚪ 低点击不出单,↘ 降价,-10%,$0.07,无出单，降低无效花费
SL_B0D878M259_20V_精准VL_UD,B0D878M259_12V,"asin=""B0D878M259""",-,0,0,0,0.0,0.0,,,,0.0,0.0,— 无点击,观察,0%,$0.00,无流量，检查出价是否过低
SL_B0D878M259_20V_精准VL_UD,B0D878M259_12V,"asin=""B0D878CMPH""",-,0,0,0,0.0,0.0,,,,0.0,0.0,— 无点击,观察,0%,$0.00,无流量，检查出价是否过低
SL_B0D878M259_20V_精准VL_UD,B0D878M259_12V,"asin=""B0D87695MY""",-,1,0,0,0.0,0.0,,,,0.0,0.0,— 无点击,观察,0%,$0.00,无流量，检查出价是否过低
SL_B0DWJVRXC3_12V_精准_VL,B0DWJVRXC3_12V,"asin=""B0F1MNC89K""",-,10,0,0,0.0,0.0,,,,0.0,0.0,— 无点击,观察,0%,$0.00,无流量，检查出价是否过低
SL_B0DWJVRXC3_12V_精准_VL,B0DWJVRXC3_12V,"asin=""B0F1MMZJX6""",-,10,1,0,0.85,0.0,,0.0,0.85,0.0,0.02,⚪ 低点击不出单,↘ 降价,-10%,$0.09,无出单，降低无效花费
SL_B0DWJVRXC3_12V_精准_VL,B0DWJVRXC3_12V,"asin=""B0DWK22VV5""",-,5,0,0,0.0,0.0,,,,0.0,0.0,— 无点击,观察,0%,$0.00,无流量，检查出价是否过低
SL_B0DWJVRXC3_12V_精准_VL,B0DWJVRXC3_12V,"asin=""B0DWJVRXC3""",-,17,0,0,0.0,0.0,,,,0.0,0.0,— 无点击,观察,0%,$0.00,无流量，检查出价是否过低
SL_B0DWJVRXC3_12V_精准_VL,B0DWJVRXC3_12V,"asin=""B0DWJSBHMP""",-,22,0,0,0.0,0.0,,,,0.0,0.0,— 无点击,观察,0%,$0.00,无流量，检查出价是否过低
SL_B0DWJVRXC3_12V_精准_VL,B0DWJVRXC3_12V,"asin=""B0DWJS7L41""",-,7,0,0,0.0,0.0,,,,0.0,0.0,— 无点击,观察,0%,$0.00,无流量，检查出价是否过低
SL_B0DWJVRXC3_12V_精准_VL,B0DWJVRXC3_12V,"asin=""B0DWJRVQBY""",-,10,0,0,0.0,0.0,,,,0.0,0.0,— 无点击,观察,0%,$0.00,无流量，检查出价是否过低
SL_B0DWJVRXC3_12V_精准_VL,B0DWJVRXC3_12V,"asin=""B0DWJLLRGS""",-,12,0,0,0.0,0.0,,,,0.0,0.0,— 无点击,观察,0%,$0.00,无流量，检查出价是否过低
SL_B0DWJVRXC3_12V_精准_VL,B0DWJVRXC3_12V,"asin=""B0DPLD36Z4""",-,78,4,0,4.26,0.0,,0.0,1.06,0.0,0.09,⚪ 低点击不出单,↘ 降价,-10%,$0.11,无出单，降低无效花费
SL_B0DWJVRXC3_12V_精准_VL,B0DWJVRXC3_12V,"asin=""B0DPLCGX9M""",-,4,0,0,0.0,0.0,,,,0.0,0.0,— 无点击,观察,0%,$0.00,无流量，检查出价是否过低
SL_B0DWJVRXC3_12V_精准_VL,B0DWJVRXC3_12V,"asin=""B0DPLC339J""",-,5,0,0,0.0,0.0,,,,0.0,0.0,— 无点击,观察,0%,$0.00,无流量，检查出价是否过低
SL_B0DWJVRXC3_12V_精准_VL,B0DWJVRXC3_12V,"asin=""B0DPL8PXC5""",-,9,0,0,0.0,0.0,,,,0.0,0.0,— 无点击,观察,0%,$0.00,无流量，检查出价是否过低
SL_B0DSFWJK52_10V_精准_VL,B0DSFWJK52_10V,"asin=""B0FQ59DZMW""",-,42,0,0,0.0,0.0,,,,0.0,0.0,— 无点击,观察,0%,$0.00,无流量，检查出价是否过低
SL_B0DSFWJK52_10V_精准_VL,B0DSFWJK52_10V,"asin=""B0FQ593MJG""",-,9,0,0,0.0,0.0,,,,0.0,0.0,— 无点击,观察,0%,$0.00,无流量，检查出价是否过低
SL_B0DSFWJK52_10V_精准_VL,B0DSFWJK52_10V,"asin=""B0FQ592P8X""",-,16,0,0,0.0,0.0,,,,0.0,0.0,— 无点击,观察,0%,$0.00,无流量，检查出价是否过低
SL_B0DSFWJK52_10V_精准_VL,B0DSFWJK52_10V,"asin=""B0FQ57P8KY""",-,403,24,0,24.019999999999996,0.0,,0.0,1.0,0.0,0.53,🔴 高点击不出单,⛔ 大幅降价/暂停,-20%,$0.20,已积累24次点击仍无出单，转化严重不足
SL_B0F5GP96F7_8V_精准_VL_重点FURSDOLY_0316,B0F5GP96F7_8V,"asin=""B0FGQSQSVL""",-,34,0,0,0.0,0.0,,,,0.0,0.0,— 无点击,观察,0%,$0.00,无流量，检查出价是否过低
SL_B0F5GP96F7_8V_精准_VL_重点FURSDOLY_0316,B0F5GP96F7_8V,"asin=""B0FGQSLHLP""",-,39,1,0,0.82,0.0,,0.0,0.82,0.0,0.02,⚪ 低点击不出单,↘ 降价,-10%,$0.08,无出单，降低无效花费
SL_B0F5GP96F7_8V_精准_VL_重点FURSDOLY_0316,B0F5GP96F7_8V,"asin=""B0FGQPZTMK""",-,11,1,0,1.03,0.0,,0.0,1.03,0.0,0.02,⚪ 低点击不出单,↘ 降价,-10%,$0.10,无出单，降低无效花费
SL_B0F5GP96F7_8V_精准_VL_重点FURSDOLY_0316,B0F5GP96F7_8V,"asin=""B0FGQPWVQR""",-,30,0,0,0.0,0.0,,,,0.0,0.0,— 无点击,观察,0%,$0.00,无流量，检查出价是否过低
SL_B0F5GP96F7_8V_精准_VL_重点FURSDOLY_0316,B0F5GP96F7_8V,"asin=""B0F5GHY6DQ""",-,255,3,0,3.34,0.0,,0.0,1.11,0.0,0.07,⚪ 低点击不出单,↘ 降价,-10%,$0.11,无出单，降低无效花费
SL_B0F5GP96F7_8V_精准_VL_重点FURSDOLY_0316,B0F5GP96F7_8V,"asin=""B0F5G3LW1T""",-,86,3,0,3.7800000000000002,0.0,,0.0,1.26,0.0,0.08,⚪ 低点击不出单,↘ 降价,-10%,$0.13,无出单，降低无效花费
SL_B0F489MGSK_10V_精准_VL,B0F489MGSK_10V,"asin=""B0F48G8LDJ""",-,0,0,0,0.0,0.0,,,,0.0,0.0,— 无点击,观察,0%,$0.00,无流量，检查出价是否过低
SL_B0F489MGSK_10V_精准_VL,B0F489MGSK_10V,"asin=""B0F48G1V8P""",-,1,0,0,0.0,0.0,,,,0.0,0.0,— 无点击,观察,0%,$0.00,无流量，检查出价是否过低
SL_B0F489MGSK_10V_精准_VL,B0F489MGSK_10V,"asin=""B0F48FWBM8""",-,6,0,0,0.0,0.0,,,,0.0,0.0,— 无点击,观察,0%,$0.00,无流量，检查出价是否过低
SL_B0F489MGSK_10V_精准_VL,B0F489MGSK_10V,"asin=""B0F48FBC2S""",-,0,0,0,0.0,0.0,,,,0.0,0.0,— 无点击,观察,0%,$0.00,无流量，检查出价是否过低
SL_B0F489MGSK_10V_精准_VL,B0F489MGSK_10V,"asin=""B0F48F2KNB""",-,6,1,0,0.75,0.0,,0.0,0.75,0.0,0.02,⚪ 低点击不出单,↘ 降价,-10%,$0.08,无出单，降低无效花费
SL_B0F489MGSK_10V_精准_VL,B0F489MGSK_10V,"asin=""B0F48DQNNK""",-,17,0,0,0.0,0.0,,,,0.0,0.0,— 无点击,观察,0%,$0.00,无流量，检查出价是否过低
SL_B0F489MGSK_10V_精准_VL,B0F489MGSK_10V,"asin=""B0F48DK3XQ""",-,18,0,0,0.0,0.0,,,,0.0,0.0,— 无点击,观察,0%,$0.00,无流量，检查出价是否过低
SL_B0F489MGSK_10V_精准_VL,B0F489MGSK_10V,"asin=""B0F48DH34R""",-,1,0,0,0.0,0.0,,,,0.0,0.0,— 无点击,观察,0%,$0.00,无流量，检查出价是否过低
SL_B0F489MGSK_10V_精准_VL,B0F489MGSK_10V,"asin=""B0F48CS33P""",-,2,0,0,0.0,0.0,,,,0.0,0.0,— 无点击,观察,0%,$0.00,无流量，检查出价是否过低
SL_B0F489MGSK_10V_精准_VL,B0F489MGSK_10V,"asin=""B0F489MGSK""",-,81,4,0,3.7,0.0,,0.0,0.92,0.0,0.08,⚪ 低点击不出单,↘ 降价,-10%,$0.09,无出单，降低无效花费
SL_howgo_无曝光,无曝光,slip lead howgo,EXACT,9,2,0,0.91,0.0,,0.0,0.46,0.0,0.02,⚪ 低点击不出单,↘ 降价,-10%,$0.05,无出单，降低无效花费
SL_howgo_合集5_37词,37词,howgo leashes,EXACT,4,0,0,0.0,0.0,,,,0.0,0.0,— 无点击,观察,0%,$0.00,无流量，检查出价是否过低
SL_howgo_合集4_40词,40词,howgo dog slip leash,EXACT,6,1,0,0.45,0.0,,0.0,0.45,0.0,0.01,⚪ 低点击不出单,↘ 降价,-10%,$0.05,无出单，降低无效花费
SL_B0FF4GDWNN_7V_精准_VL_重点FURSDOLY_FX_Tos130_0316,B0FF4GDWNN_7V,"asin=""B0FF4HBHR6""",-,2,0,0,0.0,0.0,,,,0.0,0.0,— 无点击,观察,0%,$0.00,无流量，检查出价是否过低
SL_B0FF4GDWNN_7V_精准_VL_重点FURSDOLY_FX_Tos130_0316,B0FF4GDWNN_7V,"asin=""B0FF4GZV75""",-,2,0,0,0.0,0.0,,,,0.0,0.0,— 无点击,观察,0%,$0.00,无流量，检查出价是否过低
SL_B0FF4GDWNN_7V_精准_VL_重点FURSDOLY_FX_Tos130_0316,B0FF4GDWNN_7V,"asin=""B0FF4GXD4N""",-,1,0,0,0.0,0.0,,,,0.0,0.0,— 无点击,观察,0%,$0.00,无流量，检查出价是否过低
SL_B0FF4GDWNN_7V_精准_VL_重点FURSDOLY_FX_Tos130_0316,B0FF4GDWNN_7V,"asin=""B0FF4G83H4""",-,18,1,0,0.78,0.0,,0.0,0.78,0.0,0.02,⚪ 低点击不出单,↘ 降价,-10%,$0.08,无出单，降低无效花费
SL_B0FF4GDWNN_7V_精准_VL_重点FURSDOLY_FX_Tos130_0316,B0FF4GDWNN_7V,"asin=""B0FF4C4ZQQ""",-,1,0,0,0.0,0.0,,,,0.0,0.0,— 无点击,观察,0%,$0.00,无流量，检查出价是否过低
SL_B0FDBM5VW1_9V_精准_L_重点FURSDOLY_0316(TOS10->15),B0FDBM5VW1_9V,"asin=""B0FDBM773V""",-,50,1,0,1.37,0.0,,0.0,1.37,0.0,0.03,⚪ 低点击不出单,↘ 降价,-10%,$0.14,无出单，降低无效花费
SL_B0FDBM5VW1_9V_精准_L_重点FURSDOLY_0316(TOS10->15),B0FDBM5VW1_9V,"asin=""B0FDBLJ1KV""",-,2,0,0,0.0,0.0,,,,0.0,0.0,— 无点击,观察,0%,$0.00,无流量，检查出价是否过低
SL_B0FDBM5VW1_9V_精准_L_重点FURSDOLY_0316(TOS10->15),B0FDBM5VW1_9V,"asin=""B0FDBLDKZP""",-,94,2,0,2.5700000000000003,0.0,,0.0,1.28,0.0,0.06,⚪ 低点击不出单,↘ 降价,-10%,$0.13,无出单，降低无效花费
SL_B0FDBM5VW1_9V_精准_L_重点FURSDOLY_0316(TOS10->15),B0FDBM5VW1_9V,"asin=""B0FDBL7FDS""",-,17,1,0,1.24,0.0,,0.0,1.24,0.0,0.03,⚪ 低点击不出单,↘ 降价,-10%,$0.12,无出单，降低无效花费
SL_B0FDBM5VW1_9V_精准_L_重点FURSDOLY_0316(TOS10->15),B0FDBM5VW1_9V,"asin=""B0FDBJ7P6J""",-,3,0,0,0.0,0.0,,,,0.0,0.0,— 无点击,观察,0%,$0.00,无流量，检查出价是否过低
SL_B0FCXZBFZF_4V_精准_VL_重点Fida,B0FCXZBFZF_4V,"asin=""B0FCXZDKBY""",-,44,1,0,0.75,0.0,,0.0,0.75,0.0,0.02,⚪ 低点击不出单,↘ 降价,-10%,$0.08,无出单，降低无效花费
SL_B0FCXZBFZF_4V_精准_VL_重点Fida,B0FCXZBFZF_4V,"asin=""B0FCXZBFZF""",-,395,1,0,1.1,0.0,,0.0,1.1,0.0,0.02,⚪ 低点击不出单,↘ 降价,-10%,$0.11,无出单，降低无效花费
SL_B0FCXZBFZF_4V_精准_VL_重点Fida,B0FCXZBFZF_4V,"asin=""B0FCXWGW2J""",-,58,1,0,0.75,0.0,,0.0,0.75,0.0,0.02,⚪ 低点击不出单,↘ 降价,-10%,$0.08,无出单，降低无效花费
SL_howgo_合集4_40词,40词,howgo dog collar,EXACT,2,0,0,0.0,0.0,,,,0.0,0.0,— 无点击,观察,0%,$0.00,无流量，检查出价是否过低
SL_howgo slip leash for dogs,精准,howgo slip leash for dogs,EXACT,16,0,0,0.0,0.0,,,,0.0,0.0,— 无点击,观察,0%,$0.00,无流量，检查出价是否过低
SL_howgo slip leash,精准,howgo slip leash,EXACT,83,6,0,3.75,0.0,,0.0,0.62,0.0,0.08,⚪ 低点击不出单,↘ 降价,-10%,$0.06,无出单，降低无效花费
SL_howgo slip leads for dogs,精准,howgo slip leads for dogs,EXACT,21,0,0,0.0,0.0,,,,0.0,0.0,— 无点击,观察,0%,$0.00,无流量，检查出价是否过低
SL_0_puppy slip leash,精准,puppy slip leash,EXACT,151,1,0,0.94,0.0,,0.0,0.94,0.0,0.02,⚪ 低点击不出单,↘ 降价,-10%,$0.09,无出单，降低无效花费
SL_howgo short dog leash,精准,howgo short dog leash,EXACT,6,0,0,0.0,0.0,,,,0.0,0.0,— 无点击,观察,0%,$0.00,无流量，检查出价是否过低
SL_howgo martingale collar for dogs,精准,howgo martingale collar for dogs,EXACT,6,0,0,0.0,0.0,,,,0.0,0.0,— 无点击,观察,0%,$0.00,无流量，检查出价是否过低
SL_howgo leash,精准,howgo leash,EXACT,72,2,0,0.9199999999999999,0.0,,0.0,0.46,0.0,0.02,⚪ 低点击不出单,↘ 降价,-10%,$0.05,无出单，降低无效花费
SL_howgo hands free dog leash,精准,howgo hands free dog leash,EXACT,46,0,0,0.0,0.0,,,,0.0,0.0,— 无点击,观察,0%,$0.00,无流量，检查出价是否过低
SL_0_slip lead for small dogs_观察0401,精准,slip lead for small dogs,EXACT,2,0,0,0.0,0.0,,,,0.0,0.0,— 无点击,观察,0%,$0.00,无流量，检查出价是否过低
SL_0_slip lead for puppy,精准,slip lead for puppy,EXACT,23,0,0,0.0,0.0,,,,0.0,0.0,— 无点击,观察,0%,$0.00,无流量，检查出价是否过低
SL_0_slip knot leashes for dog training,精准,slip knot leashes for dog training,EXACT,109,0,0,0.0,0.0,,,,0.0,0.0,— 无点击,观察,0%,$0.00,无流量，检查出价是否过低
SL_0_show dog lead,精准,show dog lead,EXACT,387,1,0,0.85,0.0,,0.0,0.85,0.0,0.02,⚪ 低点击不出单,↘ 降价,-10%,$0.09,无出单，降低无效花费
SL_0_short slip lead,精准,short slip lead,EXACT,97,1,0,0.86,0.0,,0.0,0.86,0.0,0.02,⚪ 低点击不出单,↘ 降价,-10%,$0.09,无出单，降低无效花费
SL_0_puppy training leash slip lead small dog_观察0217,精准,puppy training leash slip lead small dog,EXACT,4,0,0,0.0,0.0,,,,0.0,0.0,— 无点击,观察,0%,$0.00,无流量，检查出价是否过低
SL_0_maypaw dog slip lead,精准,maypaw dog slip lead,EXACT,29,1,0,1.0,0.0,,0.0,1.0,0.0,0.02,⚪ 低点击不出单,↘ 降价,-10%,$0.10,无出单，降低无效花费
SL_0_合集_* slip leash *_3,精准_22,short slip leash for dogs,EXACT,0,0,0,0.0,0.0,,,,0.0,0.0,— 无点击,观察,0%,$0.00,无流量，检查出价是否过低
SL_0_合集_* slip leash *_3,精准_22,pink slip leash for dogs,EXACT,1,0,0,0.0,0.0,,,,0.0,0.0,— 无点击,观察,0%,$0.00,无流量，检查出价是否过低
SL_howgo dog slip lead,精准,howgo dog slip lead,EXACT,31,0,0,0.0,0.0,,,,0.0,0.0,— 无点击,观察,0%,$0.00,无流量，检查出价是否过低
SL_B0FH9LYKGD_13V_精准VL,B0FH9LYKGD_3V,"asin=""B0FH9LYKGD""",-,2,0,0,0.0,0.0,,,,0.0,0.0,— 无点击,观察,0%,$0.00,无流量，检查出价是否过低
SL_B0FH9LYKGD_13V_精准VL,B0FH9LYKGD_3V,"asin=""B0FH9KY45K""",-,1,0,0,0.0,0.0,,,,0.0,0.0,— 无点击,观察,0%,$0.00,无流量，检查出价是否过低
SL_B0FH9LYKGD_13V_精准VL,B0FH9LYKGD_3V,"asin=""B0FH9J5WS6""",-,1,0,0,0.0,0.0,,,,0.0,0.0,— 无点击,观察,0%,$0.00,无流量，检查出价是否过低
SL_B0FH9LYKGD_13V_精准VL,B0FH9LBKG6_10V,"asin=""B0FH9MHQPP""",-,8,0,0,0.0,0.0,,,,0.0,0.0,— 无点击,观察,0%,$0.00,无流量，检查出价是否过低
SL_B0FH9LYKGD_13V_精准VL,B0FH9LBKG6_10V,"asin=""B0FH9LBKG6""",-,0,0,0,0.0,0.0,,,,0.0,0.0,— 无点击,观察,0%,$0.00,无流量，检查出价是否过低
SL_0_training lead for dogs,精准,training lead for dogs,EXACT,22,0,0,0.0,0.0,,,,0.0,0.0,— 无点击,观察,0%,$0.00,无流量，检查出价是否过低
SL_0_thin slip lead_观察0401,精准,thin slip lead,EXACT,8,0,0,0.0,0.0,,,,0.0,0.0,— 无点击,观察,0%,$0.00,无流量，检查出价是否过低
SL_0_spring loaded slip leads for dogs,精准,spring loaded slip leads for dogs,EXACT,4,0,0,0.0,0.0,,,,0.0,0.0,— 无点击,观察,0%,$0.00,无流量，检查出价是否过低
SL_0_small dog slip leash,精准,small dog slip leash,EXACT,147,2,0,2.37,0.0,,0.0,1.18,0.0,0.05,⚪ 低点击不出单,↘ 降价,-10%,$0.12,无出单，降低无效花费
SL_0_slip on leash for dogs,精准,slip on leash for dogs,EXACT,18,0,0,0.0,0.0,,,,0.0,0.0,— 无点击,观察,0%,$0.00,无流量，检查出价是否过低
SL_0_slip lead with traffic handle_新,精准,slip lead with traffic handle,EXACT,12,1,0,0.54,0.0,,0.0,0.54,0.0,0.01,⚪ 低点击不出单,↘ 降价,-10%,$0.05,无出单，降低无效花费
SL_0_slip lead small dog_0724,精准,slip lead small dog,EXACT,15,0,0,0.0,0.0,,,,0.0,0.0,— 无点击,观察,0%,$0.00,无流量，检查出价是否过低
SL_0_slip lead puppy_观察0217,精准,slip lead puppy,EXACT,74,3,0,2.72,0.0,,0.0,0.91,0.0,0.06,⚪ 低点击不出单,↘ 降价,-10%,$0.09,无出单，降低无效花费
